date,curr_close,real_close,real_return,real_direction,rw_direction,sma_direction,bh_direction,pred_close,pred_return,pred_direction,prob_up
2024-01-01,21731.400390625,21741.900390625,0.0004831718072126514,1,-1,1,1,21610.515625,-0.005562677206810386,-1,0.18416593832244824
2024-01-02,21741.900390625,21665.80078125,-0.0035001360510240297,-1,1,1,1,21829.69921875,0.004038231550488495,1,0.7839614059686407
2024-01-03,21665.80078125,21517.349609375,-0.006851866375669461,-1,-1,1,1,21719.009765625,0.0024558974261892075,1,0.6864664143450636
2024-01-04,21517.349609375,21658.599609375,0.006564470186349442,1,-1,1,1,21744.8671875,0.010573680413961008,1,0.9616002357677147
2024-01-05,21658.599609375,21710.80078125,0.0024101822286056087,1,1,1,1,21730.21484375,0.003306549623088332,1,0.7309229476909073
2024-01-08,21710.80078125,21513.0,-0.009110708685643036,-1,1,1,1,21727.95703125,0.000790217282764465,1,0.5594846646182586
2024-01-09,21513.0,21544.849609375,0.0014804820050667038,1,-1,1,1,21462.9296875,-0.002327444452191698,-1,0.341187318459383
2024-01-10,21544.849609375,21618.69921875,0.0034277152411806657,1,1,1,1,21587.185546875,0.00196501429657592,1,0.637867372183436
2024-01-11,21618.69921875,21647.19921875,0.001318303183351652,1,1,1,1,21659.79296875,0.0019008428575739283,1,0.6333984117283307
2024-01-12,21647.19921875,21894.55078125,0.01142649263770591,1,1,1,1,21659.060546875,0.0005479382346482107,1,0.5422469439990937
2024-01-15,21894.55078125,22097.44921875,0.009267074694848621,1,1,1,1,21826.568359375,-0.0031049927698547993,-1,0.2725259639907771
2024-01-16,22097.44921875,22032.30078125,-0.0029482333845447023,-1,1,1,1,21966.30078125,-0.005935003456811598,-1,0.14040560027454282
2024-01-17,22032.30078125,21571.94921875,-0.02089439351208249,-1,-1,1,1,21995.4140625,-0.0016742109285922356,-1,0.3764649043858102
2024-01-18,21571.94921875,21462.25,-0.005085271508735574,-1,-1,1,1,21680.193359375,0.005017819183948194,1,0.7885183750734392
2024-01-19,21462.25,21622.400390625,0.007461957186455288,1,-1,1,1,21545.5546875,0.003881451735023122,1,0.7329472439212539
2024-01-23,21622.400390625,21238.80078125,-0.017740842942734536,-1,1,1,1,21745.7890625,0.005706520536383122,1,0.8118946801592481
2024-01-24,21238.80078125,21453.94921875,0.010129971071150917,1,-1,1,1,21181.71484375,-0.0026878135958785633,-1,0.3520548752411176
2024-01-25,21453.94921875,21352.599609375,-0.004724053755400148,-1,1,1,1,21475.28125,0.0009943172248844773,1,0.5561046942023469
2024-01-29,21352.599609375,21737.599609375,0.01803059145224468,1,-1,1,1,21394.55078125,0.0019646868597948636,1,0.6105064611690446
2024-01-30,21737.599609375,21522.099609375,-0.009913698102483177,-1,1,1,1,21571.40234375,-0.007645612607259653,-1,0.17272885164231094
2024-01-31,21522.099609375,21725.69921875,0.009460025419002906,1,-1,1,1,21510.208984375,-0.0005524844330160269,-1,0.47247203448573133
2024-02-01,21725.69921875,21697.44921875,-0.001300303374154205,-1,1,1,1,21571.669921875,-0.007089727944961495,-1,0.20040224199202336
2024-02-02,21697.44921875,21853.80078125,0.007205988175093306,1,-1,1,1,21619.6328125,-0.00358643108069839,-1,0.32976045944588817
2024-02-05,21853.80078125,21771.69921875,-0.0037568550808077758,-1,1,1,1,21912.91796875,0.0027051215526189398,1,0.6303669295577569
2024-02-06,21771.69921875,21929.400390625,0.007243402101531249,1,-1,1,1,21798.375,0.0012252503115157201,1,0.5599467261538389
2024-02-07,21929.400390625,21930.5,5.014315737835186e-05,1,1,1,1,21766.052734375,-0.007448797201032112,-1,0.1846264479939716
2024-02-08,21930.5,21717.94921875,-0.009692017110872985,-1,1,1,1,21911.353515625,-0.0008730527974738378,-1,0.4565959458033884
2024-02-09,21717.94921875,21782.5,0.0029722318898448593,1,-1,1,1,21838.455078125,0.005548675805492828,1,0.7459609502113405
2024-02-12,21782.5,21616.05078125,-0.007641419430735682,-1,1,1,1,21857.181640625,0.0034285155801675655,1,0.6602817063940009
2024-02-13,21616.05078125,21743.25,0.0058844800115076526,1,-1,1,1,21882.6953125,0.012335487825615695,1,0.919859681033238
2024-02-14,21743.25,21840.05078125,0.004451992284961999,1,1,1,1,21794.17578125,0.002342142101571752,1,0.6155250788408778
2024-02-15,21840.05078125,21910.75,0.003237136188835985,1,1,1,1,21830.2734375,-0.0004476795337121648,-1,0.47765315551684157
2024-02-16,21910.75,22040.69921875,0.0059308430222607626,1,1,1,1,22042.388671875,0.006007949151672125,1,0.7988220691761655
2024-02-19,22040.69921875,22122.25,0.0037000088082788604,1,1,1,1,22060.888671875,0.0009160078328107147,1,0.5526738039509432
2024-02-20,22122.25,22196.94921875,0.0033766555730090748,1,1,1,1,22023.62890625,-0.004458004667246777,-1,0.26083940399020367
2024-02-21,22196.94921875,22055.05078125,-0.006392700010330108,-1,1,1,1,22253.24609375,0.0025362438074348266,1,0.6686386717743381
2024-02-22,22055.05078125,22217.44921875,0.00736332185814155,1,-1,1,1,22104.013671875,0.0022200307362985343,1,0.6488541419727423
2024-02-23,22217.44921875,22212.69921875,-0.00021379592019012364,-1,1,1,1,22093.326171875,-0.005586737057566837,-1,0.17440257942784027
2024-02-26,22212.69921875,22122.05078125,-0.004080928508836179,-1,-1,1,1,22355.65625,0.006435824383257677,1,0.8927188540478178
2024-02-27,22122.05078125,22198.349609375,0.0034489943486464033,1,-1,1,1,22179.462890625,0.0025952435397020614,1,0.7159611483893377
2024-02-28,22198.349609375,21951.150390625,-0.011135927809948569,-1,1,1,1,22178.92578125,-0.000875012262929527,-1,0.4181795343820414
2024-02-29,21951.150390625,21982.80078125,0.0014418556686904846,1,-1,1,1,22063.75390625,0.005129731864672169,1,0.847295968612628
2024-03-01,21982.80078125,22338.75,0.016192168700068607,1,1,1,1,21999.3125,0.0007511198829624794,1,0.5646364551908692
2024-03-04,22338.75,22405.599609375,0.002992540288735941,1,1,1,1,22578.45703125,0.01073054809467853,1,0.9604284064313588
2024-03-05,22405.599609375,22356.30078125,-0.002200290507037905,-1,1,1,1,22522.51171875,0.005217986191544786,1,0.8296303363951174
2024-03-06,22356.30078125,22474.05078125,0.005266971542034169,1,-1,1,1,22268.517578125,-0.003926553144186665,-1,0.23435894765366327
2024-03-07,22474.05078125,22493.55078125,0.0008676673462119594,1,1,1,1,22271.15234375,-0.009028120452111698,-1,0.05064538630927933
2024-03-11,22493.55078125,22332.650390625,-0.007153178801771133,-1,1,1,1,22349.6953125,-0.006395409517554424,-1,0.11132996068847523
2024-03-12,22332.650390625,22335.69921875,0.00013651886684617893,1,-1,1,1,22331.59765625,-4.7138801556752364e-05,-1,0.4961471817636332
2024-03-13,22335.69921875,21997.69921875,-0.015132725270416491,-1,1,1,1,22347.66796875,0.0005358574129594596,1,0.5442255042118743
2024-03-14,21997.69921875,22146.650390625,0.006771215952804724,1,-1,1,1,21905.94140625,-0.004171245892015341,-1,0.2353643770629823
2024-03-15,22146.650390625,22023.349609375,-0.005567468627318694,-1,1,1,1,22043.369140625,-0.004663515618764653,-1,0.21506663714429244
2024-03-18,22023.349609375,22055.69921875,0.0014688778023679591,1,-1,1,1,21903.169921875,-0.005456921387146366,-1,0.1804985995923897
2024-03-19,22055.69921875,21817.44921875,-0.01080219664028873,-1,1,1,1,22127.029296875,0.0032340882697729596,1,0.7114450521452312
2024-03-20,21817.44921875,21839.099609375,0.0009923428906800696,1,-1,1,1,21827.59375,0.00046497329492036816,1,0.5309104201816893
2024-03-21,21839.099609375,22011.94921875,0.007914685699807873,1,1,1,1,21818.1796875,-0.0009579113722261508,-1,0.43564288473515356
2024-03-22,22011.94921875,22096.75,0.003852488501007709,1,1,1,1,22179.6875,0.007620328376331109,1,0.8859496583578057
2024-03-26,22096.75,22004.69921875,-0.0041658063402989125,-1,1,1,1,22109.201171875,0.0005634843076470522,1,0.5374940767411052
2024-03-27,22004.69921875,22123.650390625,0.00540571678315161,1,-1,1,1,21917.67578125,-0.00395476605405486,-1,0.2584130253924576
2024-03-28,22123.650390625,22326.900390625,0.009187001078543897,1,1,1,1,22156.6640625,0.0014922343868256794,1,0.5973125116669438
2024-04-01,22326.900390625,22462.0,0.00605097917809173,1,1,1,1,22369.548828125,0.0019101817428230188,1,0.6268664184627193
2024-04-02,22462.0,22453.30078125,-0.0003872860275131333,-1,1,1,1,22516.75390625,0.0024376238202297213,1,0.6578543235213464
2024-04-03,22453.30078125,22434.650390625,-0.0008306302403686818,-1,-1,1,1,22557.591796875,0.004644796622155881,1,0.8064032274903037
2024-04-04,22434.650390625,22514.650390625,0.0035659124883635554,1,-1,1,1,22485.3203125,0.002258556339980852,1,0.6675034093518745
2024-04-05,22514.650390625,22513.69921875,-4.2246797462867275e-05,-1,1,1,1,22594.580078125,0.0035501189720131016,1,0.7487141838911663
2024-04-08,22513.69921875,22666.30078125,0.006778164752814562,1,-1,1,1,22558.669921875,0.0019974817415854616,1,0.6512765427160901
2024-04-09,22666.30078125,22642.75,-0.001039021827041211,-1,1,1,1,22721.15234375,0.0024199609380183584,1,0.6761324496570016
2024-04-10,22642.75,22753.80078125,0.004904474114230824,1,-1,1,1,22649.07421875,0.00027930435790705634,1,0.5220508843810511
2024-04-12,22753.80078125,22519.400390625,-0.010301592814249954,-1,1,1,1,22961.33203125,0.009120728971619268,1,0.9453819168075405
2024-04-15,22519.400390625,22272.5,-0.010963897188301094,-1,-1,1,1,22641.875,0.005438626573111917,1,0.8675285184778859
2024-04-16,22272.5,22147.900390625,-0.005594325260972051,-1,-1,1,1,22278.83984375,0.0002846489504994949,1,0.5227230056390446
2024-04-18,22147.900390625,21995.849609375,-0.006865245850318239,-1,-1,1,1,22137.876953125,-0.00045256829420466544,-1,0.4639183333089414
2024-04-19,21995.849609375,22147.0,0.006871768688606471,1,-1,1,1,22111.017578125,0.0052358954436983185,1,0.834799955201226
2024-04-22,22147.0,22336.400390625,0.008551965982977378,1,1,1,1,22082.951171875,-0.0028919866404027634,-1,0.27935360007787075
2024-04-23,22336.400390625,22368.0,0.001414713598537701,1,1,1,1,22350.88671875,0.0006485524915232169,1,0.5508324489541837
2024-04-24,22368.0,22402.400390625,0.0015379287654238199,1,1,1,1,22479.39453125,0.004980084551591559,1,0.8348209412849754
2024-04-25,22402.400390625,22570.349609375,0.007496929606716774,1,1,1,1,22427.94921875,0.0011404504731417854,1,0.5922900294653529
2024-04-26,22570.349609375,22419.94921875,-0.006663626980883295,-1,1,1,1,22559.248046875,-0.0004918648887648939,-1,0.46024403779745754
2024-04-29,22419.94921875,22643.400390625,0.009966622568802512,1,-1,1,1,22471.990234375,0.0023211923950959552,1,0.6750072154331436
2024-04-30,22643.400390625,22604.849609375,-0.00170251731563962,-1,1,1,1,22694.599609375,0.0022611099864310973,1,0.6693705132075282
2024-05-02,22604.849609375,22648.19921875,0.0019177127972141625,1,-1,1,1,22713.142578125,0.0047906962718781915,1,0.8206014241394671
2024-05-03,22648.19921875,22475.849609375,-0.007609859296553482,-1,1,1,1,22714.646484375,0.0029338873692876036,1,0.7170905266926604
2024-05-06,22475.849609375,22442.69921875,-0.0014749338156797639,-1,-1,1,1,22301.599609375,-0.007752765881086774,-1,0.08635551044863417
2024-05-07,22442.69921875,22302.5,-0.006246985595782036,-1,-1,1,1,22304.5234375,-0.006156825429205036,-1,0.13165703678774474
2024-05-08,22302.5,22302.5,0.0,1,-1,1,1,22250.998046875,-0.002309245740387849,-1,0.3336222277763894
2024-05-09,22302.5,21957.5,-0.015469117811904494,-1,1,1,1,22251.154296875,-0.0023022397993498487,-1,0.32858486209385573
2024-05-10,21957.5,22055.19921875,0.004449469144939087,1,-1,1,1,22065.30859375,0.004909875611977684,1,0.7943323399544001
2024-05-13,22055.19921875,22104.05078125,0.002214968090538459,1,1,1,1,21924.603515625,-0.0059213114254699365,-1,0.1632124240974914
2024-05-14,22104.05078125,22217.849609375,0.005148324587705484,1,1,1,1,22051.65625,-0.0023703587984173573,-1,0.33634750648406675
2024-05-15,22217.849609375,22200.55078125,-0.000778600468953603,-1,1,1,1,22191.40234375,-0.0011903611776110125,-1,0.41162188435592945
2024-05-16,22200.55078125,22403.849609375,0.009157377676264719,1,-1,1,1,22257.5625,0.0025680317264088147,1,0.6869884212236538
2024-05-17,22403.849609375,22466.099609375,0.0027785403439751347,1,1,1,1,22356.02734375,-0.002134555733001731,-1,0.3439732240882538
2024-05-21,22466.099609375,22529.05078125,0.002802051667603698,1,1,1,1,22377.5,-0.003943702329977554,-1,0.2282701338687853
2024-05-22,22529.05078125,22597.80078125,0.003051615474950138,1,1,1,1,22408.048828125,-0.0053709299295336905,-1,0.15099884063674146
2024-05-23,22597.80078125,22967.650390625,0.016366619608483058,1,1,1,1,22536.1171875,-0.0027296281769675803,-1,0.2944087325885067
2024-05-24,22967.650390625,22957.099609375,-0.00045937573371922485,-1,1,1,1,22956.3984375,-0.0004899044061378109,-1,0.4661489069104994
2024-05-27,22957.099609375,22932.44921875,-0.0010737589261900274,-1,-1,1,1,22951.26953125,-0.00025395534384575167,-1,0.4820661142624028
2024-05-28,22932.44921875,22888.150390625,-0.0019317094176221025,-1,-1,1,1,22846.078125,-0.003766326611087898,-1,0.25002440370394563
2024-05-29,22888.150390625,22704.69921875,-0.00801511562726107,-1,-1,1,1,22830.494140625,-0.002519043654292661,-1,0.3166534031979631
2024-05-30,22704.69921875,22488.650390625,-0.009515599658179242,-1,-1,1,1,22697.66015625,-0.00031002667915490373,-1,0.4773085709047657
2024-05-31,22488.650390625,22530.69921875,0.001869779973213919,1,-1,1,1,22625.97265625,0.006106291984611335,1,0.846046442565464
2024-06-03,22530.69921875,23263.900390625,0.03254231769535282,1,1,1,1,22598.26953125,0.0029990330900946088,1,0.7030177949738843
2024-06-04,23263.900390625,21884.5,-0.059293599416410735,-1,1,1,1,23493.90234375,0.009886646231415577,1,0.8750419073301979
2024-06-05,21884.5,22620.349609375,0.03362423676003564,1,-1,1,1,21826.634765625,-0.002644119553793781,-1,0.42420799502053846
2024-06-06,22620.349609375,22821.400390625,0.008888049244237788,1,1,1,1,22251.015625,-0.016327509996659363,-1,0.15243301680186785
2024-06-07,22821.400390625,23290.150390625,0.020539931466807,1,1,1,1,22573.486328125,-0.01086322742060311,-1,0.23817017089849132
2024-06-10,23290.150390625,23259.19921875,-0.001328938257412833,-1,1,1,1,23333.947265625,0.001880489145215206,1,0.5489366953136393
2024-06-11,23259.19921875,23264.849609375,0.00024293143421915555,1,-1,1,1,23188.59375,-0.0030355932758459984,-1,0.42151093586163213
2024-06-12,23264.849609375,23322.94921875,0.002497312914139264,1,1,1,1,23250.208984375,-0.0006293023701343975,-1,0.48359927067566716
2024-06-13,23322.94921875,23398.900390625,0.0032564994745150257,1,1,1,1,23301.810546875,-0.0009063464348670796,-1,0.47636672905914645
2024-06-14,23398.900390625,23465.599609375,0.002850527915265783,1,1,1,1,23396.552734375,-0.0001003319049531324,-1,0.49737346187230935
2024-06-18,23465.599609375,23557.900390625,0.0039334507869606666,1,1,1,1,23417.291015625,-0.002058698458772803,-1,0.4463138365262787
2024-06-19,23557.900390625,23516.0,-0.0017786131162042989,-1,1,1,1,23454.486328125,-0.0043897826540243885,-1,0.3870794699686858
2024-06-20,23516.0,23567.0,0.0021687361796223848,1,-1,1,1,23393.62890625,-0.005203737614815445,-1,0.36722978744860696
2024-06-21,23567.0,23501.099609375,-0.0027962995130903384,-1,1,1,1,23553.6484375,-0.0005665363644078585,-1,0.4849538376235113
2024-06-24,23501.099609375,23537.849609375,0.0015637566161091365,1,-1,1,1,23634.0625,0.005657730609845965,1,0.6457790688978958
2024-06-25,23537.849609375,23721.30078125,0.007793879853915473,1,1,1,1,23616.515625,0.0033421071563677486,1,0.5878116355291985
2024-06-26,23721.30078125,23868.80078125,0.006218040121838017,1,1,1,1,23750.91796875,0.0012485482045491484,1,0.5330431673995216
2024-06-27,23868.80078125,24044.5,0.007361040898544828,1,1,1,1,23986.603515625,0.0049354274416475614,1,0.6288169449196083
2024-06-28,24044.5,24010.599609375,-0.0014099020825968517,-1,1,1,1,24152.83984375,0.004505805641622824,1,0.6193812501470647
2024-07-01,24010.599609375,24141.94921875,0.005470484349075323,1,-1,1,1,24127.974609375,0.004888466007078417,1,0.6288599254738384
2024-07-02,24141.94921875,24123.849609375,-0.0007497161563467635,-1,1,1,1,23981.76953125,-0.006634911127043354,-1,0.31592277323758416
2024-07-03,24123.849609375,24286.5,0.006742306607722794,1,-1,1,1,23816.615234375,-0.012735710924039367,-1,0.051150444129119475
2024-07-04,24286.5,24302.150390625,0.0006444070008029152,1,1,1,1,24236.263671875,-0.0020684877658369875,-1,0.31721612448583236
2024-07-05,24302.150390625,24323.849609375,0.0008928929498506795,1,1,1,1,24369.0390625,0.0027523766744857086,1,0.7388957437768089
2024-07-08,24323.849609375,24320.55078125,-0.00013562113637343622,-1,1,1,1,24512.240234375,0.007745099070477302,1,0.9912208013980949
2024-07-09,24320.55078125,24433.19921875,0.004631820986013468,1,-1,1,1,24544.376953125,0.009203170351206004,1,0.9967487859858221
2024-07-10,24433.19921875,24324.44921875,-0.004450911197766742,-1,1,1,1,24446.005859375,0.0005241491509295354,1,0.5808702587163408
2024-07-11,24324.44921875,24315.94921875,-0.00034944265021417015,-1,-1,1,1,24251.150390625,-0.0030133807950109355,-1,0.1576152420868824
2024-07-12,24315.94921875,24502.150390625,0.007657573644356047,1,-1,1,1,24420.869140625,0.004314860215043399,1,0.9149266347106917
2024-07-15,24502.150390625,24586.69921875,0.0034506697076412537,1,1,1,1,24609.94140625,0.0043992471642914635,1,0.907456412523506
2024-07-16,24586.69921875,24613.0,0.0010697158254550424,1,1,1,1,24673.509765625,0.0035307930561414127,1,0.8625940172410224
2024-07-18,24613.0,24800.849609375,0.00763212974342827,1,1,1,1,24614.607421875,6.530784036891073e-05,1,0.5087494485013406
2024-07-19,24800.849609375,24530.900390625,-0.010884676251089243,-1,1,1,1,24726.43359375,-0.003000542997400779,-1,0.17775313286088013
2024-07-22,24530.900390625,24509.25,-0.0008825762723847736,-1,-1,1,1,24595.3671875,0.002627983312819506,1,0.746283294973797
2024-07-23,24509.25,24479.05078125,-0.0012321559717249609,-1,-1,1,1,24450.87890625,-0.002381594449034548,-1,0.2753891239882745
2024-07-24,24479.05078125,24413.5,-0.0026778318259059845,-1,-1,1,1,24228.8828125,-0.010219676039955721,-1,0.01372197223130487
2024-07-25,24413.5,24406.099609375,-0.0003031269840457124,-1,-1,1,1,24285.82421875,-0.005229720492760153,-1,0.09941534497070932
2024-07-26,24406.099609375,24834.849609375,0.01756732976027461,1,-1,1,1,24373.716796875,-0.0013268327597729275,-1,0.35710311534842276
2024-07-29,24834.849609375,24836.099609375,5.033249726336707e-05,1,1,1,1,24719.578125,-0.004641521337479158,-1,0.17130430181674058
2024-07-30,24836.099609375,24857.30078125,0.0008536433743000891,1,1,1,1,24711.78125,-0.005005550844548593,-1,0.1523021882891649
2024-07-31,24857.30078125,24951.150390625,0.0037755350108564997,1,1,1,1,24717.2109375,-0.005635762506268201,-1,0.1256011027692805
2024-08-01,24951.150390625,25010.900390625,0.002394679165672863,1,1,1,1,24911.734375,-0.0015797273876321928,-1,0.36490471909758887
2024-08-02,25010.900390625,24717.69921875,-0.01172293549195464,-1,1,1,1,24979.544921875,-0.0012536721293629708,-1,0.39180837165342225
2024-08-05,24717.69921875,24055.599609375,-0.02678645789462289,-1,-1,1,1,24743.01171875,0.001024063759979683,1,0.5785547657409016
2024-08-06,24055.599609375,23992.55078125,-0.0026209626510589443,-1,-1,1,1,24038.37890625,-0.0007158708743343363,-1,0.4605876724681029
2024-08-07,23992.55078125,24297.5,0.012710162480444369,1,-1,1,1,24391.29296875,0.016619416215286873,1,0.9758526707403112
2024-08-08,24297.5,24117.0,-0.007428747813561066,-1,1,1,1,24405.744140625,0.004454949711904517,1,0.7194570685855869
2024-08-09,24117.0,24367.5,0.010386864037815649,1,-1,1,1,24056.29296875,-0.002517188342248207,-1,0.3719846364628866
2024-08-12,24367.5,24347.0,-0.0008412844977941931,-1,1,1,1,24500.337890625,0.005451436980609418,1,0.7534696144956908
2024-08-13,24347.0,24139.0,-0.008543146999630345,-1,-1,1,1,24288.439453125,-0.0024052469246724443,-1,0.3787188582078645
2024-08-14,24139.0,24143.75,0.00019677699987571978,1,-1,1,1,24177.919921875,0.0016123253604126103,1,0.580857926013972
2024-08-16,24143.75,24541.150390625,0.016459762490292518,1,1,1,1,24076.150390625,-0.002799880274398136,-1,0.3591100670994042
2024-08-19,24541.150390625,24572.650390625,0.0012835584110202657,1,1,1,1,24528.802734375,-0.0005031408900341097,-1,0.4753399404806396
2024-08-20,24572.650390625,24698.849609375,0.005135759339910185,1,1,1,1,24391.134765625,-0.007386896493235103,-1,0.1901173036634384
2024-08-21,24698.849609375,24770.19921875,0.0028887826964992596,1,1,1,1,24465.7890625,-0.009436089152368321,-1,0.13689917288202427
2024-08-22,24770.19921875,24811.5,0.001667357653657345,1,1,1,1,24805.08203125,0.001408257244600406,1,0.5683818198641882
2024-08-23,24811.5,24823.150390625,0.00046955607782681415,1,1,1,1,24755.37109375,-0.0022622133385728394,-1,0.3912055743364087
2024-08-26,24823.150390625,25010.599609375,0.007551387144670978,1,1,1,1,24884.521484375,0.002472332994976259,1,0.6285166369108166
2024-08-27,25010.599609375,25017.75,0.0002858944102371596,1,1,1,1,24989.294921875,-0.0008518263389420751,-1,0.45556901770186115
2024-08-28,25017.75,25052.349609375,0.0013830024432652816,1,1,1,1,24739.357421875,-0.011127802385306432,-1,0.08883293520930026
2024-08-29,25052.349609375,25151.94921875,0.0039756594063228385,1,1,1,1,25055.33203125,0.00011904759120413715,1,0.5062465189077221
2024-08-30,25151.94921875,25235.900390625,0.0033377600735777966,1,1,1,1,25179.7421875,0.0011050025788570375,1,0.5575656694376759
2024-09-02,25235.900390625,25278.69921875,0.0016959501132323192,1,1,1,1,25407.091796875,0.006783645663524519,1,0.8158864881855126
2024-09-03,25278.69921875,25279.849609375,4.550829989490596e-05,1,1,1,1,25181.931640625,-0.0038280283841988384,-1,0.2223438059987786
2024-09-04,25279.849609375,25198.69921875,-0.0032100820170585776,-1,1,1,1,25507.234375,0.008994704048424191,1,0.9521019147100963
2024-09-05,25198.69921875,25145.099609375,-0.0021270784221717794,-1,-1,1,1,25049.115234375,-0.00593617881131327,-1,0.109111731133592
2024-09-06,25145.099609375,24852.150390625,-0.011650350298901897,-1,-1,1,1,25051.42578125,-0.003725331359994892,-1,0.19626530673606568
2024-09-09,24852.150390625,24936.400390625,0.003390048695012795,1,-1,1,1,24854.580078125,9.776568473191572e-05,1,0.5084478765276744
2024-09-10,24936.400390625,25041.099609375,0.0041986500501236075,1,1,1,1,24948.23828125,0.0004747233136924819,1,0.5409011670442455
2024-09-11,25041.099609375,24918.44921875,-0.004897963449619505,-1,1,1,1,24986.11328125,-0.0021958431931005926,-1,0.30418909792820864
2024-09-12,24918.44921875,25388.900390625,0.018879632827271085,1,-1,1,1,24991.16015625,0.002917955963539189,1,0.7419704233476475
2024-09-13,25388.900390625,25356.5,-0.0012761636040355664,-1,1,1,1,25632.134765625,0.00958034303406916,1,0.9625835660983231
2024-09-16,25356.5,25383.75,0.0010746751326089958,1,-1,1,1,25193.13671875,-0.006442658933606768,-1,0.10260615373121355
2024-09-17,25383.75,25418.55078125,0.001370986605603979,1,1,1,1,25220.22265625,-0.006442205889594721,-1,0.10064041738901337
2024-09-18,25418.55078125,25377.55078125,-0.0016129951842196943,-1,1,1,1,25574.79296875,0.0061467779514500125,1,0.8902535062319462
2024-09-19,25377.55078125,25415.80078125,0.0015072376499098844,1,-1,1,1,25250.10546875,-0.005021970543909302,-1,0.154600751081952
2024-09-20,25415.80078125,25790.94921875,0.014760441377741608,1,1,1,1,25274.201171875,-0.00557132197382749,-1,0.1317505226164582
2024-09-23,25790.94921875,25939.05078125,0.005742385099666293,1,1,1,1,25585.263671875,-0.007975105729162801,-1,0.08010169914146557
2024-09-24,25939.05078125,25940.400390625,5.203002169900384e-05,1,1,1,1,25970.060546875,0.0011954857518308016,1,0.5897050867864533
2024-09-25,25940.400390625,26004.150390625,0.002457556515705887,1,1,1,1,26128.78515625,0.007262215030924629,1,0.9001764955064225
2024-09-26,26004.150390625,26216.05078125,0.008148714241454094,1,1,1,1,26072.708984375,0.002636448133091735,1,0.6900935503969801
2024-09-27,26216.05078125,26178.94921875,-0.0014152231703234049,-1,1,1,1,26510.8515625,0.011245049214691202,1,0.9656601174488573
2024-09-30,26178.94921875,25810.849609375,-0.01406090085202343,-1,-1,1,1,26061.01171875,-0.004505050948169084,-1,0.20955772377501095
2024-10-01,25810.849609375,25796.900390625,-0.0005404401234794447,-1,-1,1,1,25958.216796875,0.005709505488206533,1,0.8148394504953417
2024-10-03,25796.900390625,25250.099609375,-0.021196375260987402,-1,-1,1,1,25882.6015625,0.003322149970627679,1,0.7045105377960458
2024-10-04,25250.099609375,25014.599609375,-0.009326695880144656,-1,-1,1,1,25496.84765625,0.009772161325786849,1,0.8930558004507717
2024-10-07,25014.599609375,24795.75,-0.008748875168602711,-1,-1,1,1,25281.53125,0.010671033907932672,1,0.9134627163865753
2024-10-08,24795.75,25013.150390625,0.008767647303469345,1,-1,1,1,25062.24609375,0.01074765206739058,1,0.9106674333199575
2024-10-09,25013.150390625,24981.94921875,-0.0012473907279865989,-1,1,1,1,25093.9765625,0.0032313471359167087,1,0.6648024171705742
2024-10-10,24981.94921875,24998.44921875,0.0006604768849508371,1,-1,1,1,25157.1328125,0.007012406926938966,1,0.8170989267260454
2024-10-11,24998.44921875,24964.25,-0.001368053612075624,-1,1,1,1,25121.71484375,0.004930930871805642,1,0.7687494368988591
2024-10-14,24964.25,25127.94921875,0.006557345754428834,1,-1,1,1,25055.388671875,0.0036507674724856544,1,0.708757332441865
2024-10-15,25127.94921875,25057.349609375,-0.002809604904896891,-1,1,1,1,25303.44921875,0.006984254802180403,1,0.841326187036388
2024-10-16,25057.349609375,24971.30078125,-0.0034340754096676505,-1,-1,1,1,25180.099609375,0.004898762315790737,1,0.7630731184728505
2024-10-17,24971.30078125,24749.849609375,-0.00886822732283451,-1,-1,1,1,25073.359375,0.004087035539079002,1,0.7257841908202987
2024-10-18,24749.849609375,24854.05078125,0.004210173941240016,1,-1,1,1,24876.2421875,0.005106801864247439,1,0.7669593251381088
2024-10-21,24854.05078125,24781.099609375,-0.0029351823779983047,-1,1,1,1,24934.7421875,0.003246609856887954,1,0.6974094715487155
2024-10-22,24781.099609375,24472.099609375,-0.012469180337869326,-1,-1,1,1,24807.138671875,0.0010507629972218463,1,0.5691127048119363
2024-10-23,24472.099609375,24435.5,-0.0014955647434917714,-1,-1,1,1,24613.3515625,0.005771958899304573,1,0.8125910330371572
2024-10-24,24435.5,24399.400390625,-0.0014773427748562542,-1,-1,1,1,24558.580078125,0.005036937166213092,1,0.7853090713221622
2024-10-25,24399.400390625,24180.80078125,-0.008959220549493203,-1,-1,-1,1,24592.97265625,0.007933484533471421,1,0.8983312583961741
2024-10-28,24180.80078125,24339.150390625,0.0065485676346080995,1,-1,-1,1,24307.66796875,0.005246608193322278,1,0.8064291374945609
2024-10-29,24339.150390625,24466.849609375,0.005246658848009232,1,1,-1,1,24547.126953125,0.008544939291722722,1,0.9114671218489823
2024-10-30,24466.849609375,24340.849609375,-0.005149825253829181,-1,1,-1,1,24510.08203125,0.0017669795075878738,1,0.6148298740536763
2024-10-31,24340.849609375,24205.349609375,-0.005566773640794013,-1,-1,-1,1,24522.689453125,0.007470562723495218,1,0.9191646892208504
2024-11-01,24205.349609375,24304.349609375,0.004090004961616262,1,-1,-1,1,24280.146484375,0.0030900968673069833,1,0.7385525783232765
2024-11-04,24304.349609375,23995.349609375,-0.012713773664645128,-1,1,-1,1,24028.923828125,-0.011332365838901489,-1,0.020158196453653677
2024-11-05,23995.349609375,24213.30078125,0.009083058818607348,1,-1,-1,1,24021.158203125,0.0010755664814284082,1,0.5899872009345476
2024-11-06,24213.30078125,24484.05078125,0.011181870759630595,1,1,-1,1,24281.607421875,0.002821037959347305,1,0.7057032505726587
2024-11-07,24484.05078125,24199.349609375,-0.011628025706147672,-1,1,-1,1,24567.708984375,0.003416844862495786,1,0.7241893414559492
2024-11-08,24199.349609375,24148.19921875,-0.0021137093124678017,-1,-1,-1,1,24263.76171875,0.0026617289478741315,1,0.6707135998213754
2024-11-11,24148.19921875,24141.30078125,-0.00028567088740280355,-1,-1,-1,1,24155.58203125,0.0003057293189078702,1,0.5211691550931729
2024-11-12,24141.30078125,23883.44921875,-0.010680930776533279,-1,-1,-1,1,24168.029296875,0.001107169653665035,1,0.5760206526867091
2024-11-13,23883.44921875,23559.05078125,-0.013582562322921387,-1,-1,-1,1,24023.953125,0.005882898444153353,1,0.8277445551698708
2024-11-14,23559.05078125,23532.69921875,-0.0011185324376894032,-1,-1,-1,1,23747.05078125,0.007979947993050044,1,0.8856511409307436
2024-11-18,23532.69921875,23453.80078125,-0.003352715163126574,-1,-1,-1,1,23661.052734375,0.005454262361995966,1,0.8067536581882708
2024-11-19,23453.80078125,23518.5,0.0027585814066316875,1,-1,-1,1,23543.126953125,0.0038086011179224847,1,0.7306186411371692
2024-11-21,23518.5,23349.900390625,-0.007168807933116483,-1,1,-1,1,23670.427734375,0.006459924500924804,1,0.8524974787268524
2024-11-22,23349.900390625,23907.25,0.023869464111237762,1,-1,-1,1,23220.9609375,-0.0055220558104294645,-1,0.18520187395252924
2024-11-25,23907.25,24221.900390625,0.013161295867362411,1,1,-1,1,23843.59765625,-0.0026624703280385656,-1,0.3645861323190846
2024-11-26,24221.900390625,24194.5,-0.0011312238174179439,-1,1,-1,1,24181.115234375,-0.0016838132265536748,-1,0.41582680853736803
2024-11-27,24194.5,24274.900390625,0.003323085437806113,1,-1,-1,1,24132.470703125,-0.0025637767622806837,-1,0.3719323966942274
2024-11-28,24274.900390625,23914.150390625,-0.014861029054492934,-1,1,-1,1,24147.791015625,-0.005236247026953396,-1,0.2543349671501794
2024-11-29,23914.150390625,24131.099609375,0.009072001940535174,1,-1,-1,1,24028.376953125,0.004776526058177669,1,0.7176137472177399
2024-12-02,24131.099609375,24276.05078125,0.006006820004948554,1,1,-1,1,24035.62890625,-0.003956334550453282,-1,0.31877988217296205
2024-12-03,24276.05078125,24457.150390625,0.007460011144599978,1,1,-1,1,24297.095703125,0.0008669005541566252,1,0.5412973503510428
2024-12-04,24457.150390625,24467.44921875,0.0004210968146537539,1,1,-1,1,24527.548828125,0.0028784398989910687,1,0.638379313772736
2024-12-05,24467.44921875,24708.400390625,0.009847825562885128,1,1,-1,1,24439.939453125,-0.0011243413802170517,-1,0.4436890612009393
2024-12-06,24708.400390625,24677.80078125,-0.0012384293961259537,-1,1,-1,1,24650.322265625,-0.0023505416814451627,-1,0.3830860909390822
2024-12-09,24677.80078125,24619.0,-0.002382739927727935,-1,-1,-1,1,24708.103515625,0.0012279349624227367,1,0.5647163757785411
2024-12-10,24619.0,24610.05078125,-0.0003635086213899833,-1,-1,-1,1,24632.587890625,0.0005519269923636216,1,0.5292029880844292
2024-12-11,24610.05078125,24641.80078125,0.0012901233029632678,1,-1,-1,1,24584.4765625,-0.001039177813053705,-1,0.4451784252708049
2024-12-12,24641.80078125,24548.69921875,-0.003778196379659119,-1,1,-1,1,24700.1015625,0.002365930224318719,1,0.6284638810002673
2024-12-13,24548.69921875,24768.30078125,0.008945547808589019,1,-1,-1,1,24595.87109375,0.001921563117444964,1,0.6132759016816814
2024-12-16,24768.30078125,24668.25,-0.004039468921733219,-1,1,-1,1,24668.033203125,-0.004048221919240587,-1,0.2768192727363281
2024-12-17,24668.25,24336.0,-0.013468730047733423,-1,-1,-1,1,24800.4375,0.005358608737952631,1,0.7801920275516174
2024-12-18,24336.0,24198.849609375,-0.005635699812006904,-1,-1,-1,1,24426.59765625,0.00372278337647929,1,0.6912718788598072
2024-12-19,24198.849609375,23951.69921875,-0.010213311567061031,-1,-1,-1,1,24249.23828125,0.002082275508480315,1,0.6117414303883258
2024-12-20,23951.69921875,23587.5,-0.015205569150805617,-1,-1,1,1,24091.080078125,0.005819247231774233,1,0.8144177965671967
2024-12-23,23587.5,23753.44921875,0.007035472972972973,1,-1,1,1,23721.611328125,0.005685694886062533,1,0.8069704692303009
2024-12-24,23753.44921875,23727.650390625,-0.0010861087115144297,-1,1,1,1,23983.212890625,0.009672855077132713,1,0.9141100136789537
2024-12-26,23727.650390625,23750.19921875,0.0009503186263191588,1,-1,1,1,23901.265625,0.007317000693991887,1,0.8585496214373903
2024-12-27,23750.19921875,23813.400390625,0.002661079652127918,1,1,1,1,23882.720703125,0.005579805169397428,1,0.8183731328689997
2024-12-30,23813.400390625,23644.900390625,-0.007075847935867911,-1,1,1,1,23924.771484375,0.0046768244737465225,1,0.7887359246466703
2024-12-31,23644.900390625,23644.80078125,-4.212721278347794e-06,-1,-1,1,1,23798.822265625,0.00650972820596143,1,0.8637161638946858
2025-01-01,23644.80078125,23742.900390625,0.004148887118253567,1,-1,1,1,23711.5859375,0.0028245176124706327,1,0.6982626484849002
2025-01-02,23742.900390625,24188.650390625,0.018774033191665436,1,1,1,1,23850.703125,0.004540419771864369,1,0.7900292204330482
2025-01-03,24188.650390625,24004.75,-0.007602755327609176,-1,1,1,1,24088.3359375,-0.004147170325959142,-1,0.25933990701562726
2025-01-06,24004.75,23616.05078125,-0.016192595996625668,-1,-1,1,1,24060.40234375,0.0023183888084649914,1,0.6402415298689459
2025-01-07,23616.05078125,23707.900390625,0.0038892874268344705,1,-1,-1,1,23645.00390625,0.0012259935104385607,1,0.5697562677307092
2025-01-08,23707.900390625,23688.94921875,-0.0007993610384196657,-1,1,-1,1,23807.90625,0.004218250360734015,1,0.7221490665681417
2025-01-09,23688.94921875,23526.5,-0.006857594959147453,-1,-1,-1,1,23596.95703125,-0.0038833376124250973,-1,0.29271371939837265
2025-01-10,23526.5,23431.5,-0.00403799970246318,-1,-1,-1,1,23562.923828125,0.0015482042855928422,1,0.5864409294587694
2025-01-13,23431.5,23085.94921875,-0.014747275302477434,-1,-1,-1,1,23545.60546875,0.0048697466551437165,1,0.7600066172324632
2025-01-14,23085.94921875,23176.05078125,0.003902874499386887,1,-1,-1,1,23092.248046875,0.0002728425010951771,1,0.5153631310446983
2025-01-15,23176.05078125,23213.19921875,0.00160288039798627,1,1,-1,1,23275.634765625,0.004296848730395686,1,0.7291062563539991
2025-01-16,23213.19921875,23311.80078125,0.00424765072538371,1,1,-1,1,23236.646484375,0.0010100833325059708,1,0.5578261667395747
2025-01-17,23311.80078125,23203.19921875,-0.004658651792672736,-1,1,-1,1,23385.26171875,0.0031512339260845795,1,0.6757682446265297
2025-01-20,23203.19921875,23344.75,0.006100485537167474,1,-1,-1,1,23267.470703125,0.002769940634870023,1,0.6673540773829029
2025-01-21,23344.75,23024.650390625,-0.01371184567729361,-1,1,-1,1,23373.43359375,0.001228695691750822,1,0.5770658413945922
2025-01-22,23024.650390625,23155.349609375,0.0056764909144165375,1,-1,-1,1,23066.1015625,0.001800295386542667,1,0.6050772909774396
2025-01-23,23155.349609375,23205.349609375,0.0021593282262409156,1,1,-1,1,23163.328125,0.00034456467985133365,1,0.5200569893326087
2025-01-24,23205.349609375,23092.19921875,-0.004876047658393694,-1,1,-1,1,23218.453125,0.0005646765011334351,1,0.5328861261875534
2025-01-27,23092.19921875,22829.150390625,-0.011391241935562993,-1,-1,-1,1,23151.81640625,0.0025817024587070545,1,0.6472706392738824
2025-01-28,22829.150390625,22957.25,0.0056112298172780566,1,-1,-1,1,22859.833984375,0.001344053248805987,1,0.5756802582370206
2025-01-29,22957.25,23163.099609375,0.008966649288351175,1,1,-1,1,22972.8359375,0.0006789113460889261,1,0.5381839715719672
2025-01-30,23163.099609375,23249.5,0.0037300875997627893,1,1,-1,1,23111.671875,-0.002220244062421819,-1,0.3620424817488793
2025-01-31,23249.5,23508.400390625,0.011135740150325814,1,1,-1,1,23203.091796875,-0.0019960946740790126,-1,0.3753704944803413
2025-02-01,23508.400390625,23482.150390625,-0.0011166221250199708,-1,1,-1,1,23646.267578125,0.0058645924524486385,1,0.8261960607452119
2025-02-03,23482.150390625,23361.05078125,-0.0051570919766934014,-1,-1,-1,1,23543.66015625,0.002619426441011004,1,0.6686946059382987
2025-02-04,23361.05078125,23739.25,0.016189306820631095,1,-1,-1,1,23295.546875,-0.0028039794469594073,-1,0.3221126335335813
2025-02-05,23739.25,23696.30078125,-0.0018092070621439178,-1,1,-1,1,23864.712890625,0.0052850402024074055,1,0.7811551063455386
2025-02-06,23696.30078125,23603.349609375,-0.003922602634608217,-1,-1,-1,1,23755.625,0.002503522355562816,1,0.6471534219215479
2025-02-07,23603.349609375,23559.94921875,-0.0018387386257991884,-1,-1,-1,1,23734.8046875,0.005569339958121344,1,0.816203923840348
2025-02-10,23559.94921875,23381.599609375,-0.007570033692307871,-1,-1,-1,1,23758.296875,0.008418849056437973,1,0.9049500995570623
2025-02-11,23381.599609375,23071.80078125,-0.013249684936046216,-1,-1,-1,1,23382.419921875,3.508367749446409e-05,1,0.5022734943615217
2025-02-12,23071.80078125,23045.25,-0.0011507892904301298,-1,-1,-1,1,23119.8515625,0.0020826628014684457,1,0.6235017742671716
2025-02-13,23045.25,23031.400390625,-0.0006009745771905274,-1,-1,-1,1,23051.671875,0.0002786637159501416,1,0.5169882698999524
2025-02-14,23031.400390625,22929.25,-0.004435266153706425,-1,-1,-1,1,23179.60546875,0.006434913883279426,1,0.8318594229765996
2025-02-17,22929.25,22959.5,0.001319275597762683,1,-1,-1,1,23053.64453125,0.005425146101595124,1,0.8102107658640523
2025-02-18,22959.5,22945.30078125,-0.0006184463402948671,-1,1,-1,1,23013.259765625,0.002341504197608833,1,0.6540761828511565
2025-02-19,22945.30078125,22932.900390625,-0.0005404326900405295,-1,-1,-1,1,22966.5625,0.0009266262818997013,1,0.562915731235808
2025-02-20,22932.900390625,22913.150390625,-0.0008612081186239236,-1,-1,-1,1,22991.087890625,0.002537293539363522,1,0.6681652467622747
2025-02-21,22913.150390625,22795.900390625,-0.005117148798882465,-1,-1,-1,1,22973.537109375,0.0026354611967591957,1,0.6860338656836719
2025-02-24,22795.900390625,22553.349609375,-0.010640105330068515,-1,-1,-1,1,22912.916015625,0.005133187239584694,1,0.8218233135029055
2025-02-25,22553.349609375,22547.55078125,-0.0002571160481895575,-1,-1,-1,1,22588.580078125,0.0015620947380408346,1,0.6143289632669403
2025-02-27,22547.55078125,22545.05078125,-0.00011087678764998901,-1,-1,-1,1,22540.4296875,-0.00031582559982176555,-1,0.47610488495732833
2025-02-28,22545.05078125,22124.69921875,-0.01864495966669514,-1,-1,-1,1,22513.400390625,-0.0014038731130879786,-1,0.3824863361366844
2025-03-03,22124.69921875,22119.30078125,-0.00024400049223833022,-1,-1,-1,1,22240.896484375,0.0052519252115539004,1,0.8189122302742546
2025-03-04,22119.30078125,22082.650390625,-0.0016569416451024373,-1,-1,-1,1,22214.68359375,0.004312198357592466,1,0.7750530187009013
2025-03-05,22082.650390625,22337.30078125,0.01153169506922546,1,-1,-1,1,21955.748046875,-0.005746698947146096,-1,0.10090984367386109
2025-03-06,22337.30078125,22544.69921875,0.009284847776867064,1,1,-1,1,22253.138671875,-0.0037677833234732614,-1,0.232769440001823
2025-03-07,22544.69921875,22552.5,0.0003460139864501824,1,1,-1,1,22320.212890625,-0.009957388472865451,-1,0.05323094620233488
2025-03-10,22552.5,22460.30078125,-0.004088203913091675,-1,1,-1,1,22415.671875,-0.006067093448619887,-1,0.14844822122689932
2025-03-11,22460.30078125,22497.900390625,0.0016740474556061328,1,-1,-1,1,22363.607421875,-0.004305078561357478,-1,0.22131213120925286
2025-03-12,22497.900390625,22470.5,-0.001217908789231634,-1,1,-1,1,22357.525390625,-0.006239471131203649,-1,0.12221600555171895
2025-03-13,22470.5,22397.19921875,-0.003262089461738724,-1,-1,-1,1,22354.38671875,-0.005167365267795554,-1,0.16343969462861863
2025-03-17,22397.19921875,22508.75,0.004980568336268329,1,-1,-1,1,22331.16796875,-0.0029481922875750194,-1,0.28298211160988795
2025-03-18,22508.75,22834.30078125,0.014463298994835342,1,1,-1,1,22396.74609375,-0.004976016271449992,-1,0.17654370571073372
2025-03-19,22834.30078125,22907.599609375,0.0032100316461272198,1,1,-1,1,22843.689453125,0.0004111652887882317,1,0.5279008029900664
2025-03-20,22907.599609375,23190.650390625,0.012356195589090036,1,1,-1,1,22916.046875,0.0003687538532646141,1,0.5248862057657385
2025-03-21,23190.650390625,23350.400390625,0.006888551951288963,1,1,-1,1,23146.2265625,-0.0019155921622171785,-1,0.38149800739207496
2025-03-24,23350.400390625,23658.349609375,0.013188177230298765,1,1,-1,1,23358.22265625,0.0003349949248896211,1,0.5208028930262601
2025-03-25,23658.349609375,23668.650390625,0.00043539728764165997,1,1,-1,1,23740.6640625,0.0034792981963704507,1,0.6968475784748916
2025-03-26,23668.650390625,23486.849609375,-0.007681079328545498,-1,1,-1,1,23720.9296875,0.0022087992349452885,1,0.63795622615033
2025-03-27,23486.849609375,23591.94921875,0.004474827877002648,1,-1,-1,1,23540.01953125,0.0022638166786650145,1,0.6357874277145643
2025-03-28,23591.94921875,23519.349609375,-0.0030773044101544836,-1,1,-1,1,23544.681640625,-0.002003546959461641,-1,0.37911573096190887
2025-04-01,23519.349609375,23165.69921875,-0.015036571865236959,-1,-1,-1,1,23535.771484375,0.0006982282789594705,1,0.5534774058390365
2025-04-02,23165.69921875,23332.349609375,0.007193842458686308,1,-1,-1,1,23248.572265625,0.00357740321552322,1,0.7165118333589634
2025-04-03,23332.349609375,23250.099609375,-0.0035251486188494162,-1,1,-1,1,23260.587890625,-0.003075631899547997,-1,0.31073200313623867
2025-04-04,23250.099609375,22904.44921875,-0.014866619775066488,-1,-1,-1,1,23265.96484375,0.0006823727485710537,1,0.5450083410212051
2025-04-07,22904.44921875,22161.599609375,-0.032432546283055336,-1,-1,1,1,22907.07421875,0.00011460655416464357,1,0.5069144189582676
2025-04-08,22161.599609375,22535.849609375,0.01688731890281428,1,-1,1,1,22191.876953125,0.001366207506844037,1,0.5602914523983308
2025-04-09,22535.849609375,22399.150390625,-0.0060658560080704745,-1,1,1,1,22443.12109375,-0.0041147113258345755,-1,0.3343070768987237
2025-04-11,22399.150390625,22828.55078125,0.01917038740919041,1,-1,1,1,22445.01953125,0.0020478071634448328,1,0.5843117254796388
2025-04-15,22828.55078125,23328.55078125,0.021902397782108445,1,1,1,1,22770.12109375,-0.002559500515818579,-1,0.4014271381863446
2025-04-16,23328.55078125,23437.19921875,0.004657316201027141,1,1,1,1,23231.595703125,-0.0041560694890197085,-1,0.3521158833424377
2025-04-17,23437.19921875,23851.650390625,0.017683476937954037,1,1,1,1,23445.921875,0.00037217144286685015,1,0.5136506725352922
2025-04-21,23851.650390625,24125.55078125,0.01148349846401647,1,1,1,1,23770.16796875,-0.0034162173493464854,-1,0.37876102854446014
2025-04-22,24125.55078125,24167.25,0.001728425565413743,1,1,1,1,24099.767578125,-0.0010687094093220994,-1,0.46181105846854753
2025-04-23,24167.25,24328.94921875,0.00669084065212219,1,1,1,1,24181.02734375,0.0005700832221291211,1,0.5206829666446358
2025-04-24,24328.94921875,24246.69921875,-0.003380746092256669,-1,1,1,1,24259.37890625,-0.002859569144333742,-1,0.3976339278409475
2025-04-25,24246.69921875,24039.349609375,-0.00855166336268387,-1,-1,1,1,24282.193359375,0.0014638751569761026,1,0.5537608022258657
2025-04-28,24039.349609375,24328.5,0.012028211882747256,1,-1,1,1,24047.185546875,0.00032596295770598126,1,0.5118490003806903
2025-04-29,24328.5,24335.94921875,0.000306193096573977,1,1,1,1,24326.52734375,-8.108417082845223e-05,-1,0.49706467502264845
2025-04-30,24335.94921875,24334.19921875,-7.191007773190478e-05,-1,1,1,1,24378.525390625,0.001749517616604679,1,0.5630403894702124
2025-05-02,24334.19921875,24346.69921875,0.0005136803511647301,1,-1,1,1,24208.412109375,-0.005169149321259705,-1,0.3205479298851302
2025-05-05,24346.69921875,24461.150390625,0.004700890697612853,1,1,1,1,24379.0078125,0.001327021517771836,1,0.5502948011056359
2025-05-06,24461.150390625,24379.599609375,-0.0033338898599493184,-1,1,1,1,24489.875,0.001174295113528635,1,0.5446570182450883
2025-05-07,24379.599609375,24414.400390625,0.0014274549954716078,1,-1,1,1,24353.451171875,-0.0010725540172507513,-1,0.4591789649904641
2025-05-08,24414.400390625,24273.80078125,-0.0057588802970966885,-1,1,1,1,24441.4453125,0.0011077446688137836,1,0.5444848981719631
2025-05-09,24273.80078125,24008.0,-0.01095010969420638,-1,-1,1,1,24315.392578125,0.0017134439410546318,1,0.5916957955804522
2025-05-12,24008.0,24924.69921875,0.03818307309021993,1,-1,1,1,24136.091796875,0.005335379743210597,1,0.756203989372192
2025-05-13,24924.69921875,24578.349609375,-0.01389583907654352,-1,1,1,1,24969.83984375,0.0018110800296455433,1,0.5745158459968642
2025-05-14,24578.349609375,24666.900390625,0.0036027960647212775,1,-1,1,1,24593.294921875,0.0006080681875523229,1,0.524514515873914
2025-05-15,24666.900390625,25062.099609375,0.016021438141461865,1,1,1,1,24633.521484375,-0.0013531860801889045,-1,0.44197088713167537
2025-05-16,25062.099609375,25019.80078125,-0.0016877607536591724,-1,1,1,1,25214.03125,0.006062207197044529,1,0.7333610622178637
2025-05-19,25019.80078125,24945.44921875,-0.0029717088137536066,-1,-1,1,1,25010.658203125,-0.0003654137059257285,-1,0.4841654648727655
2025-05-20,24945.44921875,24683.900390625,-0.010484831354666864,-1,-1,1,1,24881.720703125,-0.0025547150931681394,-1,0.3897028284263314
2025-05-21,24683.900390625,24813.44921875,0.005248312708886272,1,-1,1,1,24772.177734375,0.003576312590514582,1,0.6478219577296128
2025-05-22,24813.44921875,24609.69921875,-0.008211272774042176,-1,1,1,1,24766.470703125,-0.0018932682518600123,-1,0.41980756123221485
2025-05-23,24609.69921875,24853.150390625,0.00989248871800578,1,-1,1,1,24446.697265625,-0.006623484166795898,-1,0.24652381543599342
2025-05-26,24853.150390625,25001.150390625,0.005954979456279632,1,1,1,1,24834.736328125,-0.0007409146209064133,-1,0.46864500548474014
2025-05-27,25001.150390625,24826.19921875,-0.0069977248703165145,-1,1,1,1,24948.73828125,-0.0020963879084001523,-1,0.4105177838952991
2025-05-28,24826.19921875,24752.44921875,-0.002970652065995679,-1,-1,1,1,24684.7890625,-0.005696005055143515,-1,0.27496799118578513
2025-05-29,24752.44921875,24833.599609375,0.003278479228775814,1,-1,1,1,24675.693359375,-0.003100939979582197,-1,0.371388259773184
2025-05-30,24833.599609375,24750.69921875,-0.0033382349691143463,-1,1,1,1,24712.541015625,-0.004874790431279195,-1,0.30438095699122625
2025-06-02,24750.69921875,24716.599609375,-0.0013777230725331466,-1,-1,1,1,24750.048828125,-2.6277666713645558e-05,-1,0.4988869228507156
2025-06-03,24716.599609375,24542.5,-0.007043833380258507,-1,-1,1,1,24663.982421875,-0.002128819834911365,-1,0.41058044284348216
2025-06-04,24542.5,24620.19921875,0.0031659048079861465,1,-1,1,1,24603.041015625,0.002466782749312417,1,0.6021068622406511
2025-06-05,24620.19921875,24750.900390625,0.005308696762106699,1,1,1,1,24583.392578125,-0.0014949773678910436,-1,0.43715544219431357
2025-06-06,24750.900390625,25003.05078125,0.010187523954502602,1,1,1,1,24797.01953125,0.0018633318342822281,1,0.5801950428717357
2025-06-09,25003.05078125,25103.19921875,0.004005448710087097,1,1,1,1,24939.953125,-0.0025235982921459114,-1,0.3429982808902695
2025-06-10,25103.19921875,25104.25,4.185845958690213e-05,1,1,1,1,25154.021484375,0.0020245334143323052,1,0.6405165484806108
2025-06-11,25104.25,25141.400390625,0.0014798446727147794,1,1,1,1,25101.95703125,-9.133787107760638e-05,-1,0.4934650562897335
2025-06-12,25141.400390625,24888.19921875,-0.010071084662786582,-1,1,1,1,25090.17578125,-0.002037460466764659,-1,0.33561390235798366
2025-06-13,24888.19921875,24718.599609375,-0.006814458847919736,-1,-1,1,1,24936.076171875,0.0019236808860373868,1,0.6457712293739466
2025-06-16,24718.599609375,24946.5,0.009219793767708605,1,-1,1,1,24674.015625,-0.0018036614160816245,-1,0.3658156576054589
2025-06-17,24946.5,24853.400390625,-0.0037319707924959415,-1,1,1,1,24908.28515625,-0.0015318719559858096,-1,0.3832572619917951
2025-06-18,24853.400390625,24812.05078125,-0.0016637405234334682,-1,-1,1,1,24948.662109375,0.003832945080059703,1,0.7678848618193238
2025-06-19,24812.05078125,24793.25,-0.0007577278241026089,-1,-1,1,1,24882.982421875,0.002858757675871021,1,0.718422590101716
2025-06-20,24793.25,25112.400390625,0.012872470959837859,1,-1,1,1,24729.982421875,-0.0025518065652949894,-1,0.2887578248881095
2025-06-23,25112.400390625,24971.900390625,-0.005594845487269774,-1,1,1,1,25048.267578125,-0.00255383043844515,-1,0.306741297612949
2025-06-24,24971.900390625,25044.349609375,0.00290122968683629,1,-1,1,1,24972.580078125,2.721809271092438e-05,1,0.502201557774068
2025-06-25,25044.349609375,25244.75,0.008001820520425211,1,1,1,1,25100.759765625,0.0022524105089510352,1,0.6752407110449016
2025-06-26,25244.75,25549.0,0.01205201081412967,1,1,1,1,25167.736328125,-0.003050680710840868,-1,0.2769810120124177
2025-06-27,25549.0,25637.80078125,0.0034757047731809464,1,1,1,1,25509.12890625,-0.0015605735547379546,-1,0.38656460682823857
2025-06-30,25637.80078125,25517.05078125,-0.0047098423546652075,-1,1,1,1,25633.99609375,-0.00014840147688418453,-1,0.4889733321232577
2025-07-01,25517.05078125,25541.80078125,0.0009699396772838015,1,-1,1,1,25621.775390625,0.004104103184681199,1,0.7770443232820256
2025-07-02,25541.80078125,25453.400390625,-0.0034610085397695964,-1,1,1,1,25626.654296875,0.003322143037279117,1,0.7331756160940142
2025-07-03,25453.400390625,25405.30078125,-0.0018897125192245848,-1,-1,1,1,25441.76953125,-0.0004569471739140944,-1,0.46560681999530446
2025-07-04,25405.30078125,25461.0,0.002192425085992604,1,-1,1,1,25474.869140625,0.0027383403162203014,1,0.7038966566174292
2025-07-07,25461.0,25461.30078125,1.1813410706570834e-05,1,1,1,1,25497.03515625,0.0014153079710144928,1,0.6106753625704754
2025-07-08,25461.30078125,25522.5,0.0024036171315751404,1,1,1,1,25487.42578125,0.0010260669800200763,1,0.5808685983896451
2025-07-09,25522.5,25476.099609375,-0.0018180190273288275,-1,1,1,1,25549.65625,0.001064012146145558,1,0.5836808596129852
2025-07-10,25476.099609375,25355.25,-0.004743646446198079,-1,-1,1,1,25611.328125,0.005308054125178447,1,0.8630202653084997
2025-07-11,25355.25,25149.849609375,-0.008100901810275979,-1,-1,1,1,25479.1875,0.004888040938267222,1,0.8504395905612423
2025-07-14,25149.849609375,25082.30078125,-0.002685854157148523,-1,-1,1,1,25174.701171875,0.0009881396066374962,1,0.586080859204165
2025-07-15,25082.30078125,25195.80078125,0.0045251032187942535,1,-1,1,1,25097.02734375,0.0005871296508416278,1,0.5518206036955344
2025-07-16,25195.80078125,25212.05078125,0.0006449487413034631,1,1,1,1,25187.154296875,-0.00034317164396038835,-1,0.46988824047696454
2025-07-17,25212.05078125,25111.44921875,-0.003990217351728348,-1,1,1,1,25208.78125,-0.00012968128925202403,-1,0.4885840389664118
2025-07-18,25111.44921875,24968.400390625,-0.00569655804724283,-1,-1,1,1,25195.84765625,0.0033609544700025557,1,0.7942007399245026
2025-07-21,24968.400390625,25090.69921875,0.004898144302865317,1,-1,1,1,24910.021484375,-0.002338111586512358,-1,0.2812545887099978
2025-07-22,25090.69921875,25060.900390625,-0.0011876443882732318,-1,1,1,1,25076.775390625,-0.0005549398206724697,-1,0.4454773027166278
2025-07-23,25060.900390625,25219.900390625,0.006344544590244655,1,-1,1,1,25151.88671875,0.0036306089049792066,1,0.8242404813206065
2025-07-24,25219.900390625,25062.099609375,-0.006256994627491048,-1,1,1,1,25198.78125,-0.000837399842897501,-1,0.3965485388425285
2025-07-25,25062.099609375,24837.0,-0.008981674037030672,-1,-1,1,1,25088.275390625,0.001044436885096746,1,0.6261356805174007
2025-07-28,24837.0,24680.900390625,-0.006284962329387607,-1,-1,1,1,24841.900390625,0.00019730203426339735,1,0.522591777763182
2025-07-29,24680.900390625,24821.099609375,0.00568047423437009,1,-1,1,1,24737.650390625,0.002299348852830199,1,0.7371242234495293
2025-07-30,24821.099609375,24855.05078125,0.001367835124523514,1,1,1,1,24754.4296875,-0.002686018062222295,-1,0.24414697689259215
2025-07-31,24855.05078125,24768.349609375,-0.003488271765688972,-1,1,1,1,24847.64453125,-0.0002979776651909752,-1,0.4689380102700778
2025-08-01,24768.349609375,24565.349609375,-0.008195943742782241,-1,-1,1,1,24758.74609375,-0.00038773336845039527,-1,0.4592575661710229
2025-08-04,24565.349609375,24722.75,0.006407415043054404,1,-1,1,1,24678.419921875,0.0046028375047773955,1,0.8641149116237614
2025-08-05,24722.75,24649.55078125,-0.0029608040671041855,-1,1,-1,1,24679.51953125,-0.0017486108442628754,-1,0.33921984181125264
2025-08-06,24649.55078125,24574.19921875,-0.0030569142281212337,-1,-1,-1,1,24643.5546875,-0.00024325367237771353,-1,0.4768646997862875
2025-08-07,24574.19921875,24596.150390625,0.0008932609229541591,1,-1,-1,1,24635.787109375,0.002506201324273823,1,0.723402838834092
2025-08-08,24596.150390625,24363.30078125,-0.009466912735407257,-1,1,-1,1,24517.982421875,-0.003178057033664678,-1,0.21893884600065017
2025-08-11,24363.30078125,24585.05078125,0.009101804471857888,1,-1,-1,1,24478.59765625,0.004732399605259255,1,0.8546428517427662
2025-08-12,24585.05078125,24487.400390625,-0.0039719417907191756,-1,1,-1,1,24581.509765625,-0.0001440312512065497,-1,0.4874130598034281
2025-08-13,24487.400390625,24619.349609375,0.005388453516712078,1,-1,-1,1,24579.8984375,0.0037773730734771208,1,0.7888401904531345
2025-08-14,24619.349609375,24631.30078125,0.00048543816407111817,1,1,-1,1,24609.59375,-0.0003962679571065918,-1,0.4665172017368238
2025-08-18,24631.30078125,24876.94921875,0.00997301927663496,1,1,-1,1,24638.625,0.00029735411925850823,1,0.5255834697643598
2025-08-19,24876.94921875,24980.650390625,0.004168564680625686,1,1,-1,1,24923.759765625,0.0018816835803852682,1,0.647641418093565
2025-08-20,24980.650390625,25050.55078125,0.00279818137366163,1,1,-1,1,24969.42578125,-0.00044933215106410875,-1,0.4642175036240174
2025-08-21,25050.55078125,25083.75,0.001325288974278728,1,1,-1,1,25068.279296875,0.0007077096140444767,1,0.55761268978164
2025-08-22,25083.75,24870.099609375,-0.008517482060098669,-1,1,-1,1,25111.8203125,0.001119063636816664,1,0.5929138924451376
2025-08-25,24870.099609375,24967.75,0.003926417350905576,1,-1,-1,1,24875.2265625,0.00020614927987933554,1,0.5174226849453796
2025-08-26,24967.75,24712.05078125,-0.010241179872034925,-1,1,-1,1,24965.931640625,-7.28283235373632e-05,-1,0.49368347679191277
2025-08-28,24712.05078125,24500.900390625,-0.00854443010392355,-1,-1,-1,1,24768.197265625,0.0022720285285914247,1,0.6771654192932022
2025-08-29,24500.900390625,24426.849609375,-0.0030223697933295024,-1,-1,-1,1,24607.080078125,0.004333705529476316,1,0.7945651179504546
2025-09-01,24426.849609375,24625.05078125,0.008114070174605349,1,-1,-1,1,24339.640625,-0.0035702100667754258,-1,0.24672769454460644
2025-09-02,24625.05078125,24579.599609375,-0.0018457290617896885,-1,1,-1,1,24588.224609375,-0.001495475976968956,-1,0.38578837742054833
2025-09-03,24579.599609375,24715.05078125,0.005510715147017165,1,-1,-1,1,24617.474609375,0.0015409120002733466,1,0.6206193780794614
2025-09-04,24715.05078125,24734.30078125,0.0007788776228048035,1,1,-1,1,24683.953125,-0.0012582477181714772,-1,0.40237378785585154
2025-09-05,24734.30078125,24741.0,0.0002708473067117542,1,1,-1,1,24727.419921875,-0.00027819098004242275,-1,0.4779860424175499
2025-09-08,24741.0,24773.150390625,0.0012994782193524919,1,1,-1,1,24694.77734375,-0.00186826143850289,-1,0.35620691201852966
2025-09-09,24773.150390625,24868.599609375,0.003852930178235273,1,1,-1,1,24719.71875,-0.0021568367277671856,-1,0.32361429504704686
2025-09-10,24868.599609375,24973.099609375,0.00420208623088714,1,1,-1,1,24963.765625,0.003826754104365578,1,0.7984775632359287
2025-09-11,24973.099609375,25005.5,0.0012974116602184522,1,1,-1,1,25006.658203125,0.001343789688701757,1,0.6197911516539744
2025-09-12,25005.5,25114.0,0.0043390454100097975,1,1,-1,1,25041.810546875,0.0014521024124692567,1,0.6313115576886943
2025-09-15,25114.0,25069.19921875,-0.0017838966811340288,-1,1,-1,1,25059.087890625,-0.0021865138717448436,-1,0.3097646221940721
2025-09-16,25069.19921875,25239.099609375,0.006777256391098701,1,-1,-1,1,25100.658203125,0.0012548858900714663,1,0.6220114232947859
2025-09-17,25239.099609375,25330.25,0.0036114755294654973,1,1,-1,1,25147.4140625,-0.0036326789899011943,-1,0.19741707198914352
2025-09-18,25330.25,25423.599609375,0.003685301541635002,1,1,-1,1,25257.373046875,-0.0028770720038294134,-1,0.2486352123382021
2025-09-19,25423.599609375,25327.05078125,-0.0037976065391384403,-1,1,-1,1,25384.4375,-0.0015403841303636208,-1,0.3573517332070089
2025-09-22,25327.05078125,25202.349609375,-0.004923635718664811,-1,-1,1,1,25281.49609375,-0.001798657407585917,-1,0.3238584001121496
2025-09-23,25202.349609375,25169.5,-0.0013034343973539794,-1,-1,1,1,25216.515625,0.000562091068672835,1,0.555864627898701
2025-09-24,25169.5,25056.900390625,-0.004473653007608415,-1,-1,1,1,25162.48828125,-0.00027857997775084924,-1,0.46777391313383376
2025-09-25,25056.900390625,24890.849609375,-0.006626948212322688,-1,-1,1,1,25084.646484375,0.001107323464492885,1,0.6383290599822528
2025-09-26,24890.849609375,24654.69921875,-0.00948743792723151,-1,-1,1,1,24857.4140625,-0.0013432866856584393,-1,0.34502376653387534
2025-09-29,24654.69921875,24634.900390625,-0.0008030448049409952,-1,-1,1,1,24690.013671875,0.0014323619530569333,1,0.6550316537712295
2025-09-30,24634.900390625,24611.099609375,-0.0009661407544825133,-1,-1,1,1,24728.380859375,0.0037946355482555436,1,0.8462943860692518
2025-10-01,24611.099609375,24836.30078125,0.009150390492475804,1,-1,1,1,24679.384765625,0.002774567464835599,1,0.7863962951239417
2025-10-03,24836.30078125,24894.25,0.0023332467769817144,1,1,1,1,24720.33984375,-0.004669010031781542,-1,0.12365972538016945
2025-10-06,24894.25,25077.650390625,0.007367178791287145,1,1,1,1,24767.59375,-0.005087771272482601,-1,0.1068848792142725
2025-10-07,25077.650390625,25108.30078125,0.0012222193924698109,1,1,1,1,25012.861328125,-0.002583537990633312,-1,0.2646376231229858
2025-10-08,25108.30078125,25046.150390625,-0.002475292580189725,-1,1,1,1,25127.064453125,0.0007473095068628481,1,0.5741926500601043
2025-10-09,25046.150390625,25181.80078125,0.00541601757193693,1,-1,1,1,25086.189453125,0.0015986114383065822,1,0.6557876694442937
2025-10-10,25181.80078125,25285.349609375,0.00411205016767907,1,1,1,1,25171.296875,-0.00041712291909723367,-1,0.4592000361769298
2025-10-13,25285.349609375,25227.349609375,-0.0022938183927065595,-1,1,1,1,25270.00390625,-0.0006069009668472333,-1,0.4406743977360819
2025-10-14,25227.349609375,25145.5,-0.0032444791324643557,-1,-1,1,1,25179.830078125,-0.0018836513540186073,-1,0.3234250754686318
2025-10-15,25145.5,25323.55078125,0.007080820872521923,1,-1,1,1,25146.056640625,2.2136788888667952e-05,1,0.5022511445962038
2025-10-16,25323.55078125,25585.30078125,0.010336228211479895,1,1,1,1,25232.115234375,-0.0036106921839215564,-1,0.19640860890754583
2025-10-17,25585.30078125,25709.849609375,0.004867983737610569,1,1,1,1,25606.119140625,0.0008136843710767153,1,0.57218300569038
2025-10-20,25709.849609375,25843.150390625,0.005184813729964113,1,1,1,1,25685.919921875,-0.0009307595284911403,-1,0.4175568289230209
2025-10-21,25843.150390625,25868.599609375,0.0009847568259027774,1,1,1,1,25745.947265625,-0.0037612722725655742,-1,0.20290985174100667
2025-10-23,25868.599609375,25891.400390625,0.0008814076368377051,1,1,1,1,25874.685546875,0.00023526350834215257,1,0.5215230747187346
2025-10-24,25891.400390625,25795.150390625,-0.003717450525961164,-1,1,1,1,26034.220703125,0.005516129307231821,1,0.8901111484211672
2025-10-27,25795.150390625,25966.05078125,0.00662529150002987,1,-1,1,1,25704.5234375,-0.003513333000684404,-1,0.19940569088206883
2025-10-28,25966.05078125,25936.19921875,-0.0011496381468049702,-1,1,1,1,25869.193359375,-0.003730156067665878,-1,0.152054384974367
2025-10-29,25936.19921875,26053.900390625,0.004538104094678242,1,-1,1,1,25867.271484375,-0.002657588098921226,-1,0.22797069877443552
2025-10-30,26053.900390625,25877.849609375,-0.00675717564781005,-1,1,1,1,26055.80078125,7.294073426655992e-05,1,0.5085185723962843
2025-10-31,25877.849609375,25722.099609375,-0.00601866083739721,-1,-1,1,1,25891.216796875,0.0005165493926959584,1,0.55639705800949
2025-11-03,25722.099609375,25763.349609375,0.0016036793506920993,1,-1,1,1,25760.33984375,0.001486668466250029,1,0.6463278815052058
2025-11-04,25763.349609375,25597.650390625,-0.006431586779760341,-1,1,1,1,25630.578125,-0.005153502412849528,-1,0.10203245211636287
2025-11-06,25597.650390625,25509.69921875,-0.0034359080045569977,-1,-1,1,1,25611.908203125,0.0005569969228590545,1,0.5546929673880415
2025-11-07,25509.69921875,25492.30078125,-0.000682032247844455,-1,-1,1,1,25558.29296875,0.001904912699412892,1,0.6781106477153556
2025-11-10,25492.30078125,25574.349609375,0.003218572887126306,1,-1,1,1,25456.072265625,-0.0014211551925374527,-1,0.3618386047176488
2025-11-11,25574.349609375,25694.94921875,0.004715647170584968,1,1,1,1,25587.51953125,0.000514966052945964,1,0.5515272693557245
2025-11-12,25694.94921875,25875.80078125,0.007038409025849712,1,1,1,1,25673.1015625,-0.0008502704583692047,-1,0.4159769339900289
2025-11-13,25875.80078125,25879.150390625,0.0001294494962036954,1,1,1,1,25982.701171875,0.0041312882074150785,1,0.8354677234279333
2025-11-14,25879.150390625,25910.05078125,0.0011940264714483827,1,1,1,1,25900.046875,0.0008074640805275422,1,0.5814975408376133
2025-11-17,25910.05078125,26013.44921875,0.003990669040865989,1,1,1,1,25878.568359375,-0.0012150660043392307,-1,0.3647185749671998
2025-11-18,26013.44921875,25910.05078125,-0.003974806902018682,-1,1,1,1,25916.37890625,-0.0037315433137576222,-1,0.15175824225645135
2025-11-19,25910.05078125,26052.650390625,0.005503640675154263,1,-1,1,1,25886.40234375,-0.0009127128966151377,-1,0.3956953414250905
2025-11-20,26052.650390625,26192.150390625,0.005354541588221628,1,1,1,1,25974.888671875,-0.002984791089738126,-1,0.20880801815482297
2025-11-21,26192.150390625,26068.150390625,-0.004734242822780352,-1,1,1,1,26048.36328125,-0.005489702343281671,-1,0.08514892101256029
2025-11-24,26068.150390625,25959.5,-0.004167936312968119,-1,-1,1,1,25995.30859375,-0.002794283283757501,-1,0.2326399939887298
2025-11-25,25959.5,25884.80078125,-0.0028775291800689534,-1,-1,1,1,25985.458984375,0.0009999801373293015,1,0.6079317526189786
2025-11-26,25884.80078125,26205.30078125,0.012381783530362669,1,-1,1,1,25872.1171875,-0.000490001598126555,-1,0.4469484336792265
2025-11-27,26205.30078125,26215.55078125,0.0003911422381892261,1,1,1,1,26099.001953125,-0.004056386492654084,-1,0.17929142741842938
2025-11-28,26215.55078125,26202.94921875,-0.00048069035837358583,-1,1,1,1,26259.650390625,0.001682192746701363,1,0.6606243979736008
2025-12-01,26202.94921875,26175.75,-0.0010380212747402153,-1,-1,1,1,26193.34375,-0.0003665796803943974,-1,0.46185217162473374
2025-12-02,26175.75,26032.19921875,-0.005484113396941826,-1,-1,1,1,26135.96875,-0.001519774982569745,-1,0.34721590002933045
2025-12-03,26032.19921875,25986.0,-0.0017746951904364832,-1,-1,1,1,26101.064453125,0.0026453867303458172,1,0.753305472894792
2025-12-04,25986.0,26033.75,0.0018375278996382667,1,-1,1,1,26059.94140625,0.00284543239629031,1,0.7718216842176849
2025-12-05,26033.75,26186.44921875,0.005865433091659864,1,1,1,1,26090.30859375,0.002172510443174725,1,0.7177380439573443
2025-12-08,26186.44921875,25960.55078125,-0.008626539459891813,-1,1,1,1,26121.771484375,-0.002469893257948447,-1,0.26160237784362794
2025-12-09,25960.55078125,25839.650390625,-0.004657081109092657,-1,-1,1,1,25961.57421875,3.942279609642094e-05,1,0.5038001343127188
2025-12-10,25839.650390625,25758.0,-0.003159887590995579,-1,-1,1,1,25706.654296875,-0.005146977290306254,-1,0.11593775415065971
2025-12-11,25758.0,25898.55078125,0.005456587516499728,1,-1,1,1,25838.427734375,0.003122437082653933,1,0.7721658086167643
2025-12-12,25898.55078125,26046.94921875,0.005729990019651497,1,1,1,1,25852.2109375,-0.0017892832746282106,-1,0.3365752465456621
2025-12-15,26046.94921875,26027.30078125,-0.000754346980714962,-1,1,1,1,26006.4765625,-0.0015538348046098848,-1,0.3590110216946125
2025-12-16,26027.30078125,25860.099609375,-0.006424068837574248,-1,-1,1,1,25956.720703125,-0.002711770948443709,-1,0.2634810359166329
2025-12-17,25860.099609375,25818.55078125,-0.001606677033445664,-1,-1,1,1,25846.3984375,-0.0005298189907216347,-1,0.4504218381536053
2025-12-18,25818.55078125,25815.55078125,-0.00011619552256893776,-1,-1,1,1,25832.962890625,0.0005582075267162707,1,0.5540264455201801
2025-12-19,25815.55078125,25966.400390625,0.005843362036054758,1,-1,1,1,25824.400390625,0.00034280149395175905,1,0.5338542109553366
2025-12-22,25966.400390625,26172.400390625,0.007933329106115723,1,1,1,1,26070.0390625,0.003991260641286964,1,0.8239574446579957
2025-12-23,26172.400390625,26177.150390625,0.0001814888939916057,1,1,1,1,26131.732421875,-0.0015538494040679334,-1,0.3605416360247726
2025-12-24,26177.150390625,26142.099609375,-0.0013389838361685454,-1,1,1,1,26169.43359375,-0.0002947913260170469,-1,0.4680829805524224
2025-12-26,26142.099609375,26042.30078125,-0.0038175521330050493,-1,-1,1,1,26150.318359375,0.0003143875252105847,1,0.5339739290266098
2025-12-29,26042.30078125,25942.099609375,-0.0038476313101775974,-1,-1,1,1,26106.578125,0.0024681898995759454,1,0.7409882731140026
2025-12-30,25942.099609375,25938.849609375,-0.0001252789885528583,-1,-1,1,1,25972.82421875,0.001184353226517436,1,0.6217986247008903
2025-12-31,25938.849609375,26129.599609375,0.007353834224439075,1,-1,1,1,25966.71875,0.001074416986284825,1,0.6145553158771505
2026-01-01,26129.599609375,26146.55078125,0.0006487344669804322,1,1,1,1,26203.619140625,0.0028327847481996104,1,0.7607553835099374
2026-01-02,26146.55078125,26328.55078125,0.006960765170238605,1,1,1,1,26272.09375,0.004801511671666778,1,0.8771884093540464
2026-01-05,26328.55078125,26250.30078125,-0.002972058760474052,-1,1,1,1,26435.50390625,0.004062248844937078,1,0.8372469744128737
2026-01-06,26250.30078125,26178.69921875,-0.002727647317136396,-1,-1,1,1,26321.205078125,0.0027010851214948877,1,0.7663664882728658
2026-01-07,26178.69921875,26140.75,-0.0014496220164682432,-1,-1,1,1,26252.1171875,0.0028044926196109763,1,0.7793856028819628
2026-01-08,26140.75,25876.849609375,-0.01009536415844993,-1,-1,1,1,26228.51953125,0.0033575750982661173,1,0.8225368403144862
2026-01-09,25876.849609375,25683.30078125,-0.007479613285493556,-1,-1,1,1,25912.58203125,0.0013808644566243643,1,0.6377762221574214
2026-01-12,25683.30078125,25790.25,0.004164153963733427,1,-1,1,1,25630.0703125,-0.0020725711700133463,-1,0.3022787815035135
2026-01-13,25790.25,25732.30078125,-0.0022469428853927357,-1,1,1,1,25587.921875,-0.00784514012078208,-1,0.043603020940962675
2026-01-14,25732.30078125,25665.599609375,-0.0025921184600641006,-1,-1,1,1,25727.345703125,-0.00019256257600605027,-1,0.4803446859084791
2026-01-16,25665.599609375,25694.349609375,0.0011201764399651254,1,-1,1,1,25727.1796875,0.002399323571716062,1,0.7263266499682931
2026-01-19,25694.349609375,25585.5,-0.0042363247573810724,-1,1,1,1,25860.193359375,0.0064544832821722496,1,0.9321379437814568
2026-01-20,25585.5,25232.5,-0.013796877137441129,-1,-1,1,1,25557.23046875,-0.001104904389204823,-1,0.38635775035892217
2026-01-21,25232.5,25157.5,-0.002972357079163777,-1,-1,-1,1,25324.41796875,0.003642840334885564,1,0.8039224825855669
2026-01-22,25157.5,25289.900390625,0.0052628596094604,1,-1,-1,1,25171.751953125,0.000566509117559376,1,0.5548521483785002
2026-01-23,25289.900390625,25048.650390625,-0.009539381186706124,-1,1,-1,1,25388.671875,0.003905570320538499,1,0.8089731500097405
2026-01-27,25048.650390625,25175.400390625,0.005060152863462813,1,-1,-1,1,25252.90625,0.00815436585164074,1,0.9462338019486618
2026-01-28,25175.400390625,25342.75,0.006647346488174181,1,1,-1,1,25202.568359375,0.001079147434736212,1,0.5905653137137906
2026-01-29,25342.75,25418.900390625,0.003004819548983437,1,1,-1,1,25434.029296875,0.0036017913160568604,1,0.7622992527869934
2026-01-30,25418.900390625,25320.650390625,-0.003865234077404724,-1,1,-1,1,25434.49609375,0.0006135475132807872,1,0.5516168421443985
2026-02-02,25320.650390625,25088.400390625,-0.00917235522852094,-1,-1,-1,1,25461.71875,0.005571277088017878,1,0.8676990208480997
2026-02-03,25088.400390625,25727.55078125,0.025475932330218904,1,-1,-1,1,25046.048828125,-0.0016880933754479571,-1,0.3578174455112803
2026-02-04,25727.55078125,25776.0,0.0018831648283174059,1,1,-1,1,25679.41796875,-0.0018708664850864368,-1,0.3932872510694377
2026-02-05,25776.0,25642.80078125,-0.005167567456160769,-1,1,-1,1,25756.97265625,-0.0007381806234481688,-1,0.4574111796670345
2026-02-06,25642.80078125,25693.69921875,0.0019849016468285676,1,-1,-1,1,25666.396484375,0.0009201687181633124,1,0.5526674479027611
2026-02-09,25693.69921875,25867.30078125,0.0067565810988132885,1,1,-1,1,25633.1328125,-0.0023572474221929714,-1,0.3638309094765341
2026-02-10,25867.30078125,25935.150390625,0.002622987606970613,1,1,-1,1,25877.552734375,0.0003963286781136114,1,0.5235735120455633
2026-02-11,25935.150390625,25953.849609375,0.0007209990483324657,1,1,-1,1,25933.279296875,-7.214508964931085e-05,-1,0.4956899022471228
2026-02-12,25953.849609375,25807.19921875,-0.0056504292362096155,-1,1,-1,1,26034.03515625,0.0030895434812890157,1,0.6770749529610918
2026-02-13,25807.19921875,25471.099609375,-0.013023482576552116,-1,-1,-1,1,25823.939453125,0.0006486652903751573,1,0.538363147079033
2026-02-16,25471.099609375,25682.75,0.008309432803093396,1,-1,-1,1,25595.330078125,0.00487731078183508,1,0.7478922108477705
2026-02-17,25682.75,25725.400390625,0.0016606629206373927,1,1,-1,1,25720.9375,0.0014868929534415122,1,0.5806783079821166
2026-02-18,25725.400390625,25819.349609375,0.0036520021971839754,1,1,-1,1,25817.359375,0.0035746376335706025,1,0.6991190537924236
2026-02-19,25819.349609375,25454.349609375,-0.014136684522350191,-1,1,-1,1,25886.091796875,0.0025849678055316285,1,0.6485046036936415
2026-02-20,25454.349609375,25571.25,0.004592550680687785,1,-1,-1,1,25581.65625,0.005001370790401659,1,0.7502014286211203
2026-02-23,25571.25,25713.0,0.005543334799824021,1,1,-1,1,25596.498046875,0.0009873606833846606,1,0.5557830969808496
2026-02-24,25713.0,25424.650390625,-0.011214156627970288,-1,1,-1,1,25777.291015625,0.002500331179753432,1,0.6379768203117119
2026-02-25,25424.650390625,25482.5,0.002275335490801135,1,-1,-1,1,25432.859375,0.00032287501495111817,1,0.5176304993166179
2026-02-26,25482.5,25496.55078125,0.0005513894339252429,1,1,-1,1,25575.26953125,0.0036405192288825666,1,0.6892108215785276
2026-02-27,25496.55078125,25178.650390625,-0.012468368500212268,-1,1,-1,1,25520.34375,0.0009331838237310592,1,0.5511521700317105
2026-03-02,25178.650390625,24865.69921875,-0.012429227421638295,-1,-1,-1,1,25210.70703125,0.0012731675497959154,1,0.5679431090444982
2026-03-04,24865.69921875,24480.5,-0.015491187895474108,-1,-1,-1,1,24611.041015625,-0.010241344950114042,-1,0.06080660516600019
2026-03-05,24480.5,24765.900390625,0.01165827457057658,1,-1,-1,1,24298.90234375,-0.007418053399644615,-1,0.13675628292412095
2026-03-06,24765.900390625,24450.44921875,-0.01273731893044407,-1,1,-1,1,24624.021484375,-0.005728800649771954,-1,0.2104464889557604
2026-03-09,24450.44921875,24028.05078125,-0.017275692308183883,-1,-1,-1,1,24465.169921875,0.0006020626857731237,1,0.53353992357565
2026-03-10,24028.05078125,24261.599609375,0.00971984079154881,1,-1,-1,1,24079.60546875,0.0021456042343738543,1,0.613782801969017
2026-03-11,24261.599609375,23866.849609375,-0.016270567743087452,-1,1,-1,1,24288.7265625,0.0011181024154119578,1,0.5575428177211592
2026-03-12,23866.849609375,23639.150390625,-0.009540396930332975,-1,-1,-1,1,23748.021484375,-0.004978793889635263,-1,0.2706118941314027
2026-03-13,23639.150390625,23151.099609375,-0.020645868112229408,-1,-1,-1,1,23631.90234375,-0.000306611987115852,-1,0.4848409500851532
2026-03-16,23151.099609375,23408.80078125,0.011131271353117254,1,-1,-1,1,23308.384765625,0.006793852512573858,1,0.7826874612446608
2026-03-17,23408.80078125,23581.150390625,0.007362598835607535,1,1,-1,1,23428.462890625,0.0008399451795390122,1,0.538745147223011
2026-03-18,23581.150390625,23777.80078125,0.008339304375208979,1,1,-1,1,23568.423828125,-0.0005396921816443532,-1,0.47567152990947237
2026-03-19,23777.80078125,23002.150390625,-0.032620779262169594,-1,1,-1,1,23725.951171875,-0.002180588938901618,-1,0.4048941992051454
2026-03-20,23002.150390625,23114.5,0.004884308965338754,1,-1,-1,1,22925.005859375,-0.0033537964903247413,-1,0.372893093073553
2026-03-23,23114.5,22512.650390625,-0.026037751600726817,-1,1,-1,1,23404.986328125,0.012567277169092993,1,0.8750087801227655
2026-03-24,22512.650390625,22912.400390625,0.01775668315652736,1,-1,-1,1,22595.5390625,0.0036818708786735097,1,0.6333291666477707
2026-03-25,22912.400390625,23306.44921875,0.01719805962740734,1,1,-1,1,22916.6328125,0.00018472188870842916,1,0.5063463085603813
2026-03-27,23306.44921875,22819.599609375,-0.020889051129389984,-1,1,-1,1,23293.986328125,-0.0005347399987027464,-1,0.4826087312426866
2026-03-30,22819.599609375,22331.400390625,-0.02139385559374287,-1,-1,-1,1,22882.9375,0.002775591671598779,1,0.5871984690644729
2026-04-01,22331.400390625,22679.400390625,0.015583438293735253,1,-1,-1,1,22547.28515625,0.009667318746191624,1,0.7687523730081132
2026-04-02,22679.400390625,22713.099609375,0.001485895489720719,1,1,-1,1,22844.05078125,0.007259909335745122,1,0.7039892962842399
2026-04-06,22713.099609375,22968.25,0.01123362266767345,1,1,-1,1,22681.40625,-0.0013953779942002425,-1,0.4580789828185867
2026-04-07,22968.25,23123.650390625,0.006765878576948614,1,1,-1,1,23078.7734375,0.004812009513132259,1,0.6411557039534975
2026-04-08,23123.650390625,23997.349609375,0.037783792956159856,1,1,-1,1,23140.03125,0.0007084028299286723,1,0.5213198780220483
2026-04-09,23997.349609375,23775.099609375,-0.009261439434677153,-1,1,-1,1,23793.94921875,-0.008475952300396454,-1,0.286909759111056
2026-04-10,23775.099609375,24050.599609375,0.011587753764504306,1,-1,-1,1,23698.083984375,-0.0032393397405422937,-1,0.41371651181929076
2026-04-13,24050.599609375,23842.650390625,-0.008646321593950644,-1,1,-1,1,23794.5703125,-0.010645443399889248,-1,0.23921290851881086
2026-04-15,23842.650390625,24231.30078125,0.016300637062472655,1,-1,-1,1,23697.677734375,-0.006080391813613291,-1,0.34033814793050143
2026-04-16,24231.30078125,24196.75,-0.0014258739785333826,-1,1,-1,1,24096.703125,-0.0055547020552091314,-1,0.3500387661270467
2026-04-17,24196.75,24353.55078125,0.006480241406387221,1,-1,-1,1,23995.861328125,-0.008302299766497568,-1,0.2828649108401822
2026-04-20,24353.55078125,24364.849609375,0.00046394992773288163,1,1,-1,1,24239.677734375,-0.004675829323528124,-1,0.3718363986242117
2026-04-21,24364.849609375,24576.599609375,0.008690798564113597,1,1,-1,1,24247.1640625,-0.004830136395741079,-1,0.367322863388648
2026-04-22,24576.599609375,24378.099609375,-0.008076788618238306,-1,1,-1,1,24642.046875,0.002662991083601104,1,0.5835602986937091
2026-04-23,24378.099609375,24173.05078125,-0.008411190019346098,-1,-1,-1,1,24227.431640625,-0.006180464070794844,-1,0.31598252939507077
2026-04-24,24173.05078125,23897.94921875,-0.011380506539678661,-1,-1,-1,1,24021.287109375,-0.006278217559229908,-1,0.2984354393217846
2026-04-27,23897.94921875,24092.69921875,0.008149234824183234,1,-1,-1,1,23884.3203125,-0.0005702960586805059,-1,0.4805840669878958
2026-04-28,24092.69921875,23995.69921875,-0.00402611592496495,-1,1,-1,1,23966.73828125,-0.0052281787256934515,-1,0.32505799228255156
2026-04-29,23995.69921875,24177.650390625,0.007582657634449142,1,-1,-1,1,23914.326171875,-0.003391151311457343,-1,0.3753072734112801
2026-04-30,24177.650390625,23997.55078125,-0.007449012061355412,-1,1,-1,1,24001.662109375,-0.007278965424954623,-1,0.22892204515181427
2026-05-04,23997.55078125,24119.30078125,0.005073434414612298,1,-1,-1,1,23787.353515625,-0.008759113275394479,-1,0.18742904536080549
2026-05-05,24119.30078125,24032.80078125,-0.0035863394542201598,-1,1,-1,1,23961.580078125,-0.00653919052444546,-1,0.25070816935214263
2026-05-06,24032.80078125,24330.94921875,0.012405896433536392,1,-1,-1,1,23949.392578125,-0.003470598532571939,-1,0.35792362485894597
2026-05-07,24330.94921875,24326.650390625,-0.0001766814802970047,-1,1,1,1,24257.73046875,-0.003009284567639306,-1,0.37776902202419227
2026-05-08,24326.650390625,24176.150390625,-0.006186630612244079,-1,-1,1,1,24240.603515625,-0.0035371443917803303,-1,0.30470131483343615
2026-05-11,24176.150390625,23815.849609375,-0.014903149402549921,-1,-1,1,1,24081.037109375,-0.003934178093418997,-1,0.28162359399398423
2026-05-12,23815.849609375,23379.55078125,-0.018319683541890227,-1,-1,1,1,23784.181640625,-0.0013297014076514007,-1,0.4243821040527178
2026-05-13,23379.55078125,23412.599609375,0.001413578405942025,1,-1,1,1,23428.826171875,0.0021076277763436763,1,0.6093921512195167
2026-05-14,23412.599609375,23689.599609375,0.011831236369372762,1,1,1,1,23414.662109375,8.809359210047408e-05,1,0.5051590384698059
2026-05-15,23689.599609375,23643.5,-0.0019459851637490906,-1,1,1,1,23770.73828125,0.003425075696209315,1,0.6799382710701535
2026-05-18,23643.5,23649.94921875,0.00027276920718167786,1,-1,1,1,23718.634765625,0.0031778190887558947,1,0.6712069151001537
2026-05-19,23649.94921875,23618.0,-0.0013509212410769249,-1,1,1,1,23627.515625,-0.0009485683686886881,-1,0.44693167916988674
2026-05-20,23618.0,23659.0,0.0017359640951816412,1,-1,1,1,23746.451171875,0.005438698106317216,1,0.7810087151782287
2026-05-21,23659.0,23654.69921875,-0.00018178203854769855,-1,1,1,1,23659.365234375,1.5437439240880848e-05,1,0.5009116726633307
2026-05-22,23654.69921875,23719.30078125,0.0027310244743587054,1,-1,1,1,23595.494140625,-0.002502888647092618,-1,0.35370748607767655
2026-05-25,23719.30078125,24031.69921875,0.01317064277657584,1,1,1,1,23642.931640625,-0.0032197045490215065,-1,0.3080757054712416
2026-05-26,24031.69921875,23913.69921875,-0.004910181295375655,-1,1,1,1,23879.96484375,-0.0063139261863603005,-1,0.18010021663404627
2026-05-27,23913.69921875,23907.150390625,-0.0002738525756761741,-1,-1,1,1,23835.400390625,-0.0032742248452973886,-1,0.3135492440241537
2026-05-29,23907.150390625,23547.75,-0.015033175629578004,-1,-1,1,1,23807.0078125,-0.00418881282330788,-1,0.2633647182988308
2026-06-01,23547.75,23382.599609375,-0.007013425513053264,-1,-1,1,1,23542.59375,-0.00021896996528330732,-1,0.4873751888407996
2026-06-02,23382.599609375,23483.55078125,0.00431736306319528,1,-1,1,1,23459.291015625,0.0032798494406606274,1,0.6810614631381025
2026-06-03,23483.55078125,23405.599609375,-0.003319394609491451,-1,1,1,1,23434.685546875,-0.002080828186085706,-1,0.38309557881071693
2026-06-04,23405.599609375,23416.55078125,0.0004678868329702419,1,-1,1,1,23305.837890625,-0.004262301347325489,-1,0.25871118009475946
2026-06-05,23416.55078125,23366.69921875,-0.002128902884361472,-1,1,1,1,23406.609375,-0.00042454614015827814,-1,0.4738414546327638
2026-06-08,23366.69921875,23123.0,-0.010429338627102706,-1,-1,-1,1,23384.498046875,0.0007617176888517396,1,0.5472088761698295
2026-06-09,23123.0,23242.099609375,0.005150698844224365,1,-1,-1,1,23158.234375,0.0015237804350646542,1,0.5977335086819995
2026-06-10,23242.099609375,23214.94921875,-0.0011681556778996222,-1,1,-1,1,23290.595703125,0.0020865625122111807,1,0.6516314701051692
2026-06-11,23214.94921875,23161.599609375,-0.0022980713363745446,-1,-1,-1,1,23201.064453125,-0.0005980958861536385,-1,0.45517586452664477
2026-06-12,23161.599609375,23622.900390625,0.019916620139797326,1,-1,-1,1,23111.455078125,-0.002164985670061547,-1,0.3259934517819742
2026-06-15,23622.900390625,23853.900390625,0.009778646829145282,1,1,-1,1,23510.904296875,-0.004740996740368378,-1,0.22505134534024807
2026-06-16,23853.900390625,23989.150390625,0.005669932287180826,1,1,-1,1,23706.140625,-0.006194364997142026,-1,0.17506457179466128
2026-06-17,23989.150390625,24085.69921875,0.004024687267071011,1,1,-1,1,23975.71484375,-0.0005600676412554666,-1,0.46533136289545957
2026-06-18,24085.69921875,24168.0,0.003416997800335034,1,1,-1,1,24051.2109375,-0.0014318986937755952,-1,0.41247249924872675
2026-06-19,24168.0,24013.099609375,-0.00640931771867759,-1,1,-1,1,24131.455078125,-0.001512120236469712,-1,0.407829292202769
2026-06-22,24013.099609375,24102.900390625,0.003739658049598091,1,-1,-1,1,23820.232421875,-0.008031748946924884,-1,0.12564691111114815
2026-06-23,24102.900390625,23824.099609375,-0.011567105067506382,-1,1,-1,1,24105.783203125,0.00011960438176649028,1,0.5077100347207878
2026-06-24,23824.099609375,24021.650390625,0.008292056551520712,1,-1,-1,1,23747.734375,-0.0032053775641934265,-1,0.3126846615893328
2026-06-25,24021.650390625,24056.0,0.0014299437722399674,1,1,-1,1,24017.732421875,-0.00016310156405944018,-1,0.49025498563770237
2026-06-29,24056.0,23946.25,-0.004562271366810775,-1,1,-1,1,23995.099609375,-0.0025316091879364817,-1,0.3373658306597953
2026-06-30,23946.25,23865.75,-0.0033616954637991333,-1,-1,-1,1,23776.048828125,-0.00710763363261471,-1,0.12694660667648416
2026-07-01,23865.75,24005.849609375,0.00587032083110734,1,-1,-1,1,23723.171875,-0.00597417323989399,-1,0.16615164293710172
2026-07-02,24005.849609375,24175.69921875,0.007075342557701797,1,1,-1,1,24010.111328125,0.00017752834493871327,1,0.5119642485028358
2026-07-03,24175.69921875,24270.849609375,0.003935786500487399,1,1,-1,1,24183.033203125,0.0003033618307640081,1,0.5201389137918115
2026-07-06,24270.849609375,24430.349609375,0.00657166941277534,1,1,-1,1,24254.63671875,-0.0006679984790782732,-1,0.45549207905884137
2026-07-07,24430.349609375,24398.69921875,-0.0012955357222089999,-1,1,1,1,24428.451171875,-7.770815933274594e-05,-1,0.49437442244904206
2026-07-08,24398.69921875,23882.05078125,-0.0211752451582732,-1,-1,1,1,24369.69140625,-0.001188908156124486,-1,0.41527977356282475
2026-07-09,23882.05078125,23962.80078125,0.003381200414471839,1,-1,1,1,23743.603515625,-0.0057971263394890745,-1,0.21159303561938686
2026-07-10,23962.80078125,24206.900390625,0.01018660596494208,1,1,1,1,23908.208984375,-0.0022781893224149345,-1,0.3730118365905971
2026-07-13,24206.900390625,24211.0,0.00016935705558518026,1,1,1,1,24155.052734375,-0.00214185440569995,-1,0.3676605611507126
2026-07-14,24211.0,24052.05078125,-0.0065651653690471275,-1,1,1,1,24160.69140625,-0.0020779229998760893,-1,0.3671136023613286
2026-07-15,24052.05078125,24078.5,0.0010996658451519125,1,-1,1,1,23963.638671875,-0.003675865737150467,-1,0.2782656101540852
2026-07-16,24078.5,24072.75,-0.00023880225097078306,-1,1,1,1,24057.8515625,-0.000857546670266005,-1,0.44426689860283913
2026-07-17,24072.75,24334.30078125,0.010865014643113064,1,-1,1,1,24013.23828125,-0.0024721612092511243,-1,0.34318623366136497
2026-07-20,24334.30078125,24238.5,-0.0039368618852535986,-1,1,1,1,24222.751953125,-0.004584016164168986,-1,0.2374811337909473
2026-07-21,24238.5,24187.69921875,-0.0020958714957608764,-1,-1,1,1,24197.533203125,-0.0016901539647667966,-1,0.3945409959506782
2026-07-22,24187.69921875,23996.25,-0.007915147985699731,-1,-1,1,1,24198.16796875,0.0004328129726321699,1,0.5292787107115484
2026-07-23,23996.25,23869.599609375,-0.005277924285044538,-1,-1,1,1,23890.119140625,-0.004422810204719487,-1,0.23253839762344317
2026-07-24,23869.599609375,23767.44921875,-0.004279518395644957,-1,-1,1,1,23790.638671875,-0.003308012651749189,-1,0.292591862839435
2026-07-27,23767.44921875,23995.94921875,0.009613989195766861,1,-1,1,1,23658.962890625,-0.004564491844560912,-1,0.22801843478810244
2026-07-28,23995.94921875,23985.349609375,-0.00044172494608871974,-1,1,1,1,23939.814453125,-0.002339343408058945,-1,0.3540883398864913
2026-07-29,23985.349609375,24250.19921875,0.011042140877174454,1,-1,1,1,23938.10546875,-0.0019697082341686603,-1,0.37429770105383803
2026-07-30,24250.19921875,24317.150390625,0.00276085038605514,1,1,1,1,24288.447265625,0.0015772260891542289,1,0.5982695868652504
2026-07-31,24317.150390625,24383.599609375,0.0027326071386891693,1,1,1,1,24192.404296875,-0.005129963492683477,-1,0.21422083145055443
2026-08-03,24383.599609375,24774.30078125,0.016023112999476227,1,1,1,1,24367.03515625,-0.000679327637853408,-1,0.4563869929411629
2026-08-04,24774.30078125,24614.900390625,-0.006434102501316179,-1,1,1,1,24690.064453125,-0.0034001495690547524,-1,0.31180531419899216
2026-08-05,24614.900390625,24624.650390625,0.00039610154196331634,1,-1,1,1,24650.857421875,0.0014607831305177591,1,0.6026937297280723
2026-08-06,24624.650390625,24636.0,0.0004609043862535802,1,1,1,1,24713.67578125,0.0036152956169031906,1,0.7374047591283429
2026-08-07,24636.0,24570.650390625,-0.0026526063230638093,-1,1,1,1,24732.13671875,0.003902286034664718,1,0.7629345628834462
2026-08-10,24570.650390625,24583.80078125,0.0005352072662275789,1,-1,1,1,24485.076171875,-0.0034827819935385625,-1,0.2620163225937332
2026-08-11,24583.80078125,24471.69921875,-0.004559976852135068,-1,1,1,1,24675.9140625,0.0037469096853507923,1,0.7604328778497167
2026-08-12,24471.69921875,24435.94921875,-0.0014608711753292826,-1,-1,1,1,24411.63671875,-0.0024543657333766446,-1,0.3226744721815995
2026-08-13,24435.94921875,24395.849609375,-0.001641008868369684,-1,-1,1,1,24434.025390625,-7.87294206489766e-05,-1,0.49406940644654146
2026-08-14,24395.849609375,24366.0,-0.0012235527703666935,-1,-1,1,1,24352.5625,-0.0017743636753017752,-1,0.36046663216429575
2026-08-17,24366.0,24287.650390625,-0.0032155302214150867,-1,-1,1,1,24338.810546875,-0.0011158767596240664,-1,0.4098439952406397
2026-08-18,24287.650390625,24154.900390625,-0.005465740730986531,-1,-1,1,1,24299.328125,0.0004808095549459815,1,0.5390073710718692
2026-08-19,24154.900390625,24078.30078125,-0.0031711829954277036,-1,-1,1,1,24177.810546875,0.0009484682561097164,1,0.5784660234610971
2026-08-20,24078.30078125,24231.849609375,0.006377062464664031,1,-1,1,1,24168.470703125,0.0037448623428284512,1,0.780556369540073
2026-08-21,24231.849609375,24252.0,0.0008315663455258515,1,1,1,1,24231.484375,-1.5072492644502687e-05,-1,0.4987295349924051
2026-08-24,24252.0,24219.05078125,-0.0013586186190829622,-1,1,1,1,24235.900390625,-0.0006638466672851724,-1,0.4405466491925244
2026-08-25,24219.05078125,24334.55078125,0.004768973030496234,1,-1,1,1,24241.412109375,0.0009232949848848651,1,0.5821333511655723
2026-08-26,24334.55078125,24207.75,-0.005210730306462086,-1,1,1,1,24244.5546875,-0.0036982845731979913,-1,0.18888546198998246
2026-08-27,24207.75,24090.849609375,-0.004829048161229359,-1,-1,1,1,24239.40234375,0.0013075293552684574,1,0.6235916918007085
2026-08-28,24090.849609375,24175.650390625,0.0035200411203845467,1,-1,1,1,24086.916015625,-0.00016328165314971848,-1,0.48439670313698063
2026-08-31,24175.650390625,24080.400390625,-0.003939914685270957,-1,1,1,1,24185.076171875,0.00038988739072993853,1,0.5550067649088973
2026-09-01,24080.400390625,24055.80078125,-0.001021561476385465,-1,-1,1,1,24086.583984375,0.00025678949061027246,1,0.5380249731055519
2026-09-02,24055.80078125,23914.44921875,-0.005875986577431866,-1,-1,1,1,24111.123046875,0.0022997474134438404,1,0.7978897946021084
2026-09-03,23914.44921875,23873.44921875,-0.0017144446700388216,-1,-1,1,1,23894.4375,-0.0008368045012013037,-1,0.3822059080406731
2026-09-04,23873.44921875,23897.69921875,0.0010157727849796525,1,-1,1,1,23940.9296875,0.00282659066696577,1,0.8356995407597015
2026-09-07,23897.69921875,23779.150390625,-0.004960679563327471,-1,1,1,1,23927.40234375,0.001242928230375211,1,0.670773054239657
2026-09-08,23779.150390625,23635.099609375,-0.0060578607260414336,-1,-1,-1,1,23583.26171875,-0.008237833087267478,-1,0.009112112894978288
2026-09-09,23635.099609375,23431.5,-0.00861429030297977,-1,-1,-1,1,23532.72265625,-0.004331564275887019,-1,0.08600896902619107
2026-09-10,23431.5,23421.099609375,-0.0004438636290890468,-1,-1,-1,1,23491.212890625,0.002548402391012099,1,0.7820396768816384
